accumulation_rows,admissible,availability,cell_key,coverage,fec_nsym,fill,max_age_frames,max_unit_payload,n_descriptions,n_scenes,placement,psnr_displayed,psnr_full,psnr_sd,reason,rs_k,study,window_accumulation_ms,window_rows
278,True,0.9722222222222223,"factorial|{""accumulation_rows"": 278, ""n_descriptions"": 1, ""placement"": ""block"", ""window_accumulation_ms"": 38.611}",0.8159722222222222,,,0.0,,1,6,block,28.031314879455163,27.9172813636482,3.433081743687518,,,factorial,38.611,
278,True,0.9722222222222223,"factorial|{""accumulation_rows"": 278, ""n_descriptions"": 1, ""placement"": ""bawp"", ""window_accumulation_ms"": 38.611}",0.8101851851851852,,,0.0,,1,6,bawp,27.993858488783264,27.879824972976298,3.345345141822274,,,factorial,38.611,
278,True,1.0,"factorial|{""accumulation_rows"": 278, ""n_descriptions"": 2, ""placement"": ""block"", ""window_accumulation_ms"": 38.611}",0.8449074074074076,,,0.0,,2,6,block,27.230622131881727,27.230622131881727,3.4346717376776983,,,factorial,38.611,
278,True,1.0,"factorial|{""accumulation_rows"": 278, ""n_descriptions"": 2, ""placement"": ""bawp"", ""window_accumulation_ms"": 38.611}",0.7771990740740741,,,0.0,,2,6,bawp,27.500532275576052,27.500532275576052,3.3634630288605405,,,factorial,38.611,
278,False,0.0,,,,,,,4,,block,,,,"жоден запланований момент не дав картинки (capacityx108): frame 0 needs 8 rasters, the profile allows 3; lower the quality/resolution or raise the capacity",,factorial,38.611,
278,False,0.0,,,,,,,4,,bawp,,,,"жоден запланований момент не дав картинки (capacityx108): frame 0 needs 8 rasters, the profile allows 3; lower the quality/resolution or raise the capacity",,factorial,38.611,
278,True,0.5462962962962963,"payload_x_fec|{""accumulation_rows"": 278, ""fec_nsym"": 32, ""max_unit_payload"": 160, ""rs_k"": 223, ""window_accumulation_ms"": 38.611}",0.2008101851851852,32,,0.0,160,,6,,21.2344672999826,20.123877814791957,4.042637967487546,,223,payload_x_fec,38.611,
278,True,0.851851851851852,"payload_x_fec|{""accumulation_rows"": 278, ""fec_nsym"": 64, ""max_unit_payload"": 160, ""rs_k"": 191, ""window_accumulation_ms"": 38.611}",0.3998842592592593,64,,0.0,160,,6,,24.060599809994045,23.63757866494672,3.6330743815336577,,191,payload_x_fec,38.611,
278,True,0.9722222222222223,"payload_x_fec|{""accumulation_rows"": 278, ""fec_nsym"": 96, ""max_unit_payload"": 160, ""rs_k"": 159, ""window_accumulation_ms"": 38.611}",0.6180555555555555,96,,0.0,160,,6,,26.067358159104543,25.948823562306472,3.4754704760033115,,159,payload_x_fec,38.611,
278,True,0.9722222222222223,"payload_x_fec|{""accumulation_rows"": 278, ""fec_nsym"": 128, ""max_unit_payload"": 160, ""rs_k"": 127, ""window_accumulation_ms"": 38.611}",0.7586805555555555,128,,0.0,160,,6,,27.517581505412085,27.400602928624707,3.157717571004676,,127,payload_x_fec,38.611,
278,True,0.46296296296296297,"payload_x_fec|{""accumulation_rows"": 278, ""fec_nsym"": 32, ""max_unit_payload"": 240, ""rs_k"": 223, ""window_accumulation_ms"": 38.611}",0.1255787037037037,32,,0.0,240,,6,,18.039229690479964,17.206800000828384,1.8148870491388822,,223,payload_x_fec,38.611,
278,True,0.8240740740740741,"payload_x_fec|{""accumulation_rows"": 278, ""fec_nsym"": 64, ""max_unit_payload"": 240, ""rs_k"": 191, ""window_accumulation_ms"": 38.611}",0.34548611111111116,64,,0.0,240,,6,,22.639563982511685,22.147475696897672,3.577477764175881,,191,payload_x_fec,38.611,
278,True,0.9722222222222223,"payload_x_fec|{""accumulation_rows"": 278, ""fec_nsym"": 96, ""max_unit_payload"": 240, ""rs_k"": 159, ""window_accumulation_ms"": 38.611}",0.6140046296296297,96,,0.0,240,,6,,26.08331399940887,25.959982683076728,3.048763200621696,,159,payload_x_fec,38.611,
278,True,1.0,"payload_x_fec|{""accumulation_rows"": 278, ""fec_nsym"": 128, ""max_unit_payload"": 240, ""rs_k"": 127, ""window_accumulation_ms"": 38.611}",0.7789351851851852,128,,0.0,240,,6,,27.56101203741228,27.56101203741228,3.3410946259845513,,127,payload_x_fec,38.611,
278,True,0.462962962962963,"payload_x_fec|{""accumulation_rows"": 278, ""fec_nsym"": 32, ""max_unit_payload"": 320, ""rs_k"": 223, ""window_accumulation_ms"": 38.611}",0.12789351851851852,32,,0.0,320,,6,,18.19581904678624,17.359974305612553,2.296789677185159,,223,payload_x_fec,38.611,
278,True,0.824074074074074,"payload_x_fec|{""accumulation_rows"": 278, ""fec_nsym"": 64, ""max_unit_payload"": 320, ""rs_k"": 191, ""window_accumulation_ms"": 38.611}",0.3506944444444444,64,,0.0,320,,6,,22.61404627402065,22.13597329037411,3.638547190830986,,191,payload_x_fec,38.611,
278,True,1.0,"payload_x_fec|{""accumulation_rows"": 278, ""fec_nsym"": 96, ""max_unit_payload"": 320, ""rs_k"": 159, ""window_accumulation_ms"": 38.611}",0.6255787037037037,96,,0.0,320,,6,,25.909710507707235,25.909710507707235,3.126353688304007,,159,payload_x_fec,38.611,
278,True,1.0,"payload_x_fec|{""accumulation_rows"": 278, ""fec_nsym"": 128, ""max_unit_payload"": 320, ""rs_k"": 127, ""window_accumulation_ms"": 38.611}",0.7771990740740741,128,,0.0,320,,6,,27.500532275576052,27.500532275576052,3.3634630288605405,,127,payload_x_fec,38.611,
278,True,0.638888888888889,"payload_x_fec|{""accumulation_rows"": 278, ""fec_nsym"": 32, ""max_unit_payload"": 480, ""rs_k"": 223, ""window_accumulation_ms"": 38.611}",0.12905092592592593,32,,0.0,480,,6,,17.33217557326327,16.92182974297317,1.7725130252725185,,223,payload_x_fec,38.611,
278,True,0.9351851851851851,"payload_x_fec|{""accumulation_rows"": 278, ""fec_nsym"": 64, ""max_unit_payload"": 480, ""rs_k"": 191, ""window_accumulation_ms"": 38.611}",0.3478009259259259,64,,0.0,480,,6,,21.477248645284394,21.355388034741917,3.1119426684036147,,191,payload_x_fec,38.611,
278,False,0.0,,,96,,,480,,,,,,,"жоден запланований момент не дав картинки (capacityx108): frame 0 needs 4 rasters, the profile allows 3; lower the quality/resolution or raise the capacity",159,payload_x_fec,38.611,
278,False,0.0,,,128,,,480,,,,,,,"жоден запланований момент не дав картинки (capacityx108): frame 0 needs 4 rasters, the profile allows 3; lower the quality/resolution or raise the capacity",127,payload_x_fec,38.611,
278,False,0.0,,,32,,,640,,,,,,,"жоден запланований момент не дав картинки (capacityx108): frame 0 needs 4 rasters, the profile allows 3; lower the quality/resolution or raise the capacity",223,payload_x_fec,38.611,
278,False,0.0,,,64,,,640,,,,,,,"жоден запланований момент не дав картинки (capacityx108): frame 0 needs 4 rasters, the profile allows 3; lower the quality/resolution or raise the capacity",191,payload_x_fec,38.611,
278,False,0.0,,,96,,,640,,,,,,,"жоден запланований момент не дав картинки (capacityx108): frame 0 needs 4 rasters, the profile allows 3; lower the quality/resolution or raise the capacity",159,payload_x_fec,38.611,
278,False,0.0,,,128,,,640,,,,,,,"жоден запланований момент не дав картинки (capacityx108): frame 0 needs 8 rasters, the profile allows 3; lower the quality/resolution or raise the capacity",127,payload_x_fec,38.611,
278,False,0.0,,,32,,,960,,,,,,,"жоден запланований момент не дав картинки (capacityx108): frame 0 needs 4 rasters, the profile allows 3; lower the quality/resolution or raise the capacity",223,payload_x_fec,38.611,
278,False,0.0,,,64,,,960,,,,,,,"жоден запланований момент не дав картинки (capacityx108): frame 0 needs 8 rasters, the profile allows 3; lower the quality/resolution or raise the capacity",191,payload_x_fec,38.611,
278,False,0.0,,,96,,,960,,,,,,,"жоден запланований момент не дав картинки (capacityx108): frame 0 needs 8 rasters, the profile allows 3; lower the quality/resolution or raise the capacity",159,payload_x_fec,38.611,
278,False,0.0,,,128,,,960,,,,,,,"жоден запланований момент не дав картинки (capacityx108): frame 0 needs 8 rasters, the profile allows 3; lower the quality/resolution or raise the capacity",127,payload_x_fec,38.611,
16,False,0.0,,,,,,,,,bawp,,,,не вміщується у спільний бюджет,,window,2.222,16
32,False,0.0,,,,,,,,,bawp,,,,не вміщується у спільний бюджет,,window,4.444,32
64,False,0.0,,,,,,,,,bawp,,,,не вміщується у спільний бюджет,,window,8.889,64
128,False,0.0,,,,,,,,,bawp,,,,"жоден запланований момент не дав картинки (capacityx108): frame 0 needs 4 rasters, the profile allows 3; lower the quality/resolution or raise the capacity",,window,17.778,128
278,True,1.0,"window|{""accumulation_rows"": 278, ""placement"": ""bawp"", ""window_accumulation_ms"": 38.611, ""window_rows"": 0}",0.7771990740740741,,,0.0,,,6,bawp,27.500532275576052,27.500532275576052,3.3634630288605405,,,window,38.611,0
278,True,1.0,"fill_policy|{""accumulation_rows"": 278, ""fill"": ""neutral"", ""window_accumulation_ms"": 38.611}",0.777199074074074,,neutral,0.0,,,6,,22.961431094835536,22.961431094835536,2.1904289702358923,,,fill_policy,38.611,
278,True,1.0,"fill_policy|{""accumulation_rows"": 278, ""fill"": ""interpolate"", ""window_accumulation_ms"": 38.611}",0.7771990740740741,,interpolate,0.0,,,6,,27.500532275576052,27.500532275576052,3.3634630288605405,,,fill_policy,38.611,
278,True,1.0,"fill_policy|{""accumulation_rows"": 278, ""fill"": ""previous"", ""window_accumulation_ms"": 38.611}",0.7789351851851851,,previous,0.8425925925925926,,,6,,26.70068286422833,26.70068286422833,3.4005638109990937,,,fill_policy,38.611,
