accumulation_rows,availability,coverage,fec_nsym,fill,max_unit_payload,n_descriptions,placement,psnr_displayed,psnr_full,rs_k,scene,study,window_accumulation_ms,window_rows
278,1.0,0.8958333333333334,,,,1,block,29.318181855970813,29.318181855970813,,synthetic:horizon-v0,factorial,38.611,
278,1.0,0.9097222222222222,,,,1,block,30.979628021545295,30.979628021545295,,synthetic:horizon-v3,factorial,38.611,
278,0.9444444444444444,0.7569444444444444,,,,1,block,23.5345094330116,23.31669995516907,,synthetic:road-v0,factorial,38.611,
278,1.0,0.7291666666666666,,,,1,block,24.87988528665969,24.87988528665969,,synthetic:road-v5,factorial,38.611,
278,1.0,0.9097222222222222,,,,1,block,31.970329142270455,31.970329142270455,,synthetic:targets-v0,factorial,38.611,
278,0.8888888888888888,0.6944444444444444,,,,1,block,27.505355537273132,27.03896392027388,,synthetic:targets-v7,factorial,38.611,
278,1.0,0.8888888888888888,,,,1,bawp,29.20387362773371,29.20387362773371,,synthetic:horizon-v0,factorial,38.611,
278,1.0,0.8958333333333334,,,,1,bawp,30.85933300294068,30.85933300294068,,synthetic:horizon-v3,factorial,38.611,
278,0.9444444444444444,0.7569444444444444,,,,1,bawp,23.612986121026523,23.395176643183987,,synthetic:road-v0,factorial,38.611,
278,1.0,0.7222222222222222,,,,1,bawp,24.927797853868636,24.927797853868636,,synthetic:road-v5,factorial,38.611,
278,1.0,0.9027777777777778,,,,1,bawp,31.85380478985691,31.85380478985691,,synthetic:targets-v0,factorial,38.611,
278,0.8888888888888888,0.6944444444444444,,,,1,bawp,27.505355537273132,27.03896392027388,,synthetic:targets-v7,factorial,38.611,
278,1.0,0.8958333333333334,,,,2,block,30.689224500390075,30.689224500390075,,synthetic:horizon-v0,factorial,38.611,
278,1.0,0.875,,,,2,block,29.180098182846603,29.180098182846603,,synthetic:horizon-v3,factorial,38.611,
278,1.0,0.8368055555555556,,,,2,block,22.59971283297042,22.59971283297042,,synthetic:road-v0,factorial,38.611,
278,1.0,0.8159722222222222,,,,2,block,24.422135185187905,24.422135185187905,,synthetic:road-v5,factorial,38.611,
278,1.0,0.9236111111111112,,,,2,block,30.67798996990139,30.67798996990139,,synthetic:targets-v0,factorial,38.611,
278,1.0,0.7222222222222222,,,,2,block,25.814572119993944,25.814572119993944,,synthetic:targets-v7,factorial,38.611,
278,1.0,0.8333333333333334,,,,2,bawp,30.730638146572133,30.730638146572133,,synthetic:horizon-v0,factorial,38.611,
278,1.0,0.7743055555555556,,,,2,bawp,29.21445811479589,29.21445811479589,,synthetic:horizon-v3,factorial,38.611,
278,1.0,0.7673611111111112,,,,2,bawp,22.32302859434303,22.32302859434303,,synthetic:road-v0,factorial,38.611,
278,1.0,0.8020833333333334,,,,2,bawp,25.16806267003578,25.16806267003578,,synthetic:road-v5,factorial,38.611,
278,1.0,0.8159722222222222,,,,2,bawp,30.739814017571746,30.739814017571746,,synthetic:targets-v0,factorial,38.611,
278,1.0,0.6701388888888888,,,,2,bawp,26.827192110137744,26.827192110137744,,synthetic:targets-v7,factorial,38.611,
278,0.6111111111111112,0.24305555555555555,32,,160,,,20.94196971719739,19.96144800934331,223,synthetic:horizon-v0,payload_x_fec,38.611,
278,0.5555555555555556,0.2326388888888889,32,,160,,,23.564239933449542,23.033751955227903,223,synthetic:horizon-v3,payload_x_fec,38.611,
278,0.7222222222222222,0.22916666666666666,32,,160,,,18.78506879062273,18.14496718139955,223,synthetic:road-v0,payload_x_fec,38.611,
278,0.3888888888888889,0.11805555555555555,32,,160,,,17.53148421191173,15.148032209277652,223,synthetic:road-v5,payload_x_fec,38.611,
278,0.6666666666666666,0.2743055555555556,32,,160,,,27.888453155908635,26.452163585604595,223,synthetic:targets-v0,payload_x_fec,38.611,
278,0.3333333333333333,0.1076388888888889,32,,160,,,18.695587990805574,18.002903947898723,223,synthetic:targets-v7,payload_x_fec,38.611,
278,0.9444444444444444,0.4652777777777778,64,,160,,,23.7663534928247,23.974466748057797,191,synthetic:horizon-v0,payload_x_fec,38.611,
278,0.8333333333333334,0.4444444444444444,64,,160,,,27.58929187254422,26.904350171635112,191,synthetic:horizon-v3,payload_x_fec,38.611,
278,0.8333333333333334,0.3958333333333333,64,,160,,,20.16456273891494,19.824483040449767,191,synthetic:road-v0,payload_x_fec,38.611,
278,0.8888888888888888,0.3576388888888889,64,,160,,,22.010581622567642,21.39748139250274,191,synthetic:road-v5,payload_x_fec,38.611,
278,0.9444444444444444,0.4826388888888889,64,,160,,,29.369930874320193,28.902952754804783,191,synthetic:targets-v0,payload_x_fec,38.611,
278,0.6666666666666666,0.2534722222222222,64,,160,,,21.462878258792596,20.821737882230117,191,synthetic:targets-v7,payload_x_fec,38.611,
278,1.0,0.7256944444444444,96,,160,,,29.0003226522864,29.0003226522864,159,synthetic:horizon-v0,payload_x_fec,38.611,
278,1.0,0.6041666666666666,96,,160,,,28.306495507462888,28.306495507462888,159,synthetic:horizon-v3,payload_x_fec,38.611,
278,0.9444444444444444,0.6006944444444444,96,,160,,,21.950604092265216,21.705147980500115,159,synthetic:road-v0,payload_x_fec,38.611,
278,1.0,0.5625,96,,160,,,22.771978830862892,22.771978830862892,159,synthetic:road-v5,payload_x_fec,38.611,
278,1.0,0.6979166666666666,96,,160,,,29.72941474065982,29.72941474065982,159,synthetic:targets-v0,payload_x_fec,38.611,
278,0.8888888888888888,0.5173611111111112,96,,160,,,24.64533313109007,24.179581662066724,159,synthetic:targets-v7,payload_x_fec,38.611,
278,1.0,0.8402777777777778,128,,160,,,28.983063565254568,28.983063565254568,127,synthetic:horizon-v0,payload_x_fec,38.611,
278,1.0,0.7986111111111112,128,,160,,,30.211191270133707,30.211191270133707,127,synthetic:horizon-v3,payload_x_fec,38.611,
278,0.9444444444444444,0.7361111111111112,128,,160,,,22.711256307376868,22.47359979897477,127,synthetic:road-v0,payload_x_fec,38.611,
278,1.0,0.7638888888888888,128,,160,,,25.221093161075363,25.221093161075363,127,synthetic:road-v5,payload_x_fec,38.611,
278,1.0,0.7777777777777778,128,,160,,,30.593805268096347,30.593805268096347,127,synthetic:targets-v0,payload_x_fec,38.611,
278,0.8888888888888888,0.6354166666666666,128,,160,,,27.385079460535668,26.9208645082135,127,synthetic:targets-v7,payload_x_fec,38.611,
278,0.3888888888888889,0.14930555555555555,32,,240,,,19.367916363971265,17.9429515534482,223,synthetic:horizon-v0,payload_x_fec,38.611,
278,0.4444444444444444,0.12152777777777778,32,,240,,,18.428514782446673,18.74373408678229,223,synthetic:horizon-v3,payload_x_fec,38.611,
278,0.6666666666666666,0.1875,32,,240,,,18.01686606778767,17.08047610259824,223,synthetic:road-v0,payload_x_fec,38.611,
278,0.3888888888888889,0.1076388888888889,32,,240,,,16.790570387024484,14.25272423190883,223,synthetic:road-v5,payload_x_fec,38.611,
278,0.6111111111111112,0.11805555555555555,32,,240,,,19.356928481999958,19.109888601838346,223,synthetic:targets-v0,payload_x_fec,38.611,
278,0.2777777777777778,0.06944444444444445,32,,240,,,16.274582059649727,16.11102542839439,223,synthetic:targets-v7,payload_x_fec,38.611,
278,0.8888888888888888,0.3645833333333333,64,,240,,,19.665322460768024,19.62326207897842,191,synthetic:horizon-v0,payload_x_fec,38.611,
278,0.7777777777777778,0.3784722222222222,64,,240,,,26.45490190705884,25.60816385773346,191,synthetic:horizon-v3,payload_x_fec,38.611,
278,0.8333333333333334,0.3715277777777778,64,,240,,,19.565645098161536,19.22556539969636,191,synthetic:road-v0,payload_x_fec,38.611,
278,0.8888888888888888,0.3472222222222222,64,,240,,,21.26348671923309,20.713548463974334,191,synthetic:road-v5,payload_x_fec,38.611,
278,0.8888888888888888,0.4027777777777778,64,,240,,,28.145913376094917,27.678412881833555,191,synthetic:targets-v0,payload_x_fec,38.611,
278,0.6666666666666666,0.20833333333333334,64,,240,,,20.74211433375369,20.03590149916992,191,synthetic:targets-v7,payload_x_fec,38.611,
278,1.0,0.7152777777777778,96,,240,,,27.176363167740206,27.176363167740206,159,synthetic:horizon-v0,payload_x_fec,38.611,
278,1.0,0.5902777777777778,96,,240,,,27.87413316897545,27.87413316897545,159,synthetic:horizon-v3,payload_x_fec,38.611,
278,0.9444444444444444,0.6180555555555556,96,,240,,,22.328054242948355,22.071677627782098,159,synthetic:road-v0,payload_x_fec,38.611,
278,1.0,0.5763888888888888,96,,240,,,23.012410322385747,23.012410322385747,159,synthetic:road-v5,payload_x_fec,38.611,
278,1.0,0.6770833333333334,96,,240,,,30.121263336291033,30.121263336291033,159,synthetic:targets-v0,payload_x_fec,38.611,
278,0.8888888888888888,0.5069444444444444,96,,240,,,25.9876597581124,25.50404847528583,159,synthetic:targets-v7,payload_x_fec,38.611,
278,1.0,0.8333333333333334,128,,240,,,30.73335844212649,30.73335844212649,127,synthetic:horizon-v0,payload_x_fec,38.611,
278,1.0,0.78125,128,,240,,,29.409729990153362,29.409729990153362,127,synthetic:horizon-v3,payload_x_fec,38.611,
278,1.0,0.7673611111111112,128,,240,,,22.3199279262259,22.3199279262259,127,synthetic:road-v0,payload_x_fec,38.611,
278,1.0,0.8090277777777778,128,,240,,,25.643503429265927,25.643503429265927,127,synthetic:road-v5,payload_x_fec,38.611,
278,1.0,0.8159722222222222,128,,240,,,30.73959979472687,30.73959979472687,127,synthetic:targets-v0,payload_x_fec,38.611,
278,1.0,0.6666666666666666,128,,240,,,26.51995264197511,26.51995264197511,127,synthetic:targets-v7,payload_x_fec,38.611,
278,0.3888888888888889,0.13541666666666666,32,,320,,,16.15916640144826,15.745309554481999,223,synthetic:horizon-v0,payload_x_fec,38.611,
278,0.4444444444444444,0.13541666666666666,32,,320,,,19.195008626291642,19.40695164239658,223,synthetic:horizon-v3,payload_x_fec,38.611,
278,0.6666666666666666,0.1840277777777778,32,,320,,,17.880817151039007,16.969371008793537,223,synthetic:road-v0,payload_x_fec,38.611,
278,0.3888888888888889,0.12152777777777778,32,,320,,,17.014902496275447,14.47207750964328,223,synthetic:road-v5,payload_x_fec,38.611,
278,0.5555555555555556,0.11458333333333333,32,,320,,,21.352618675680688,20.658707300576076,223,synthetic:targets-v0,payload_x_fec,38.611,
278,0.3333333333333333,0.0763888888888889,32,,320,,,17.57240092998241,16.907428817783853,223,synthetic:targets-v7,payload_x_fec,38.611,
278,0.8888888888888888,0.375,64,,320,,,20.06164559799869,20.01958521620909,191,synthetic:horizon-v0,payload_x_fec,38.611,
278,0.7777777777777778,0.3923611111111111,64,,320,,,26.56962596139764,25.72427760313349,191,synthetic:horizon-v3,payload_x_fec,38.611,
278,0.7777777777777778,0.3576388888888889,64,,320,,,19.884244735013013,19.307883350246932,191,synthetic:road-v0,payload_x_fec,38.611,
278,0.8888888888888888,0.3541666666666667,64,,320,,,21.084040618308556,20.52748865644864,191,synthetic:road-v5,payload_x_fec,38.611,
278,0.8888888888888888,0.4097222222222222,64,,320,,,28.20042243222304,27.732921937961677,191,synthetic:targets-v0,payload_x_fec,38.611,
278,0.7222222222222222,0.2152777777777778,64,,320,,,19.88429829918297,19.50368297824484,191,synthetic:targets-v7,payload_x_fec,38.611,
278,1.0,0.6770833333333334,96,,320,,,28.096587647606675,28.096587647606675,159,synthetic:horizon-v0,payload_x_fec,38.611,
278,1.0,0.5902777777777778,96,,320,,,26.70081018291711,26.70081018291711,159,synthetic:horizon-v3,payload_x_fec,38.611,
278,1.0,0.6284722222222222,96,,320,,,21.761481365331353,21.761481365331353,159,synthetic:road-v0,payload_x_fec,38.611,
278,1.0,0.6215277777777778,96,,320,,,23.29603816967905,23.29603816967905,159,synthetic:road-v5,payload_x_fec,38.611,
278,1.0,0.6805555555555556,96,,320,,,30.27796397390345,30.27796397390345,159,synthetic:targets-v0,payload_x_fec,38.611,
278,1.0,0.5555555555555556,96,,320,,,25.3253817068058,25.3253817068058,159,synthetic:targets-v7,payload_x_fec,38.611,
278,1.0,0.8333333333333334,128,,320,,,30.730638146572133,30.730638146572133,127,synthetic:horizon-v0,payload_x_fec,38.611,
278,1.0,0.7743055555555556,128,,320,,,29.21445811479589,29.21445811479589,127,synthetic:horizon-v3,payload_x_fec,38.611,
278,1.0,0.7673611111111112,128,,320,,,22.32302859434303,22.32302859434303,127,synthetic:road-v0,payload_x_fec,38.611,
278,1.0,0.8020833333333334,128,,320,,,25.16806267003578,25.16806267003578,127,synthetic:road-v5,payload_x_fec,38.611,
278,1.0,0.8159722222222222,128,,320,,,30.739814017571746,30.739814017571746,127,synthetic:targets-v0,payload_x_fec,38.611,
278,1.0,0.6701388888888888,128,,320,,,26.827192110137744,26.827192110137744,127,synthetic:targets-v7,payload_x_fec,38.611,
278,0.6666666666666666,0.1423611111111111,32,,480,,,15.200081610874552,15.15450220113857,223,synthetic:horizon-v0,payload_x_fec,38.611,
278,0.5555555555555556,0.11805555555555555,32,,480,,,15.621301657487983,16.426269549841052,223,synthetic:horizon-v3,payload_x_fec,38.611,
278,0.8333333333333334,0.17708333333333334,32,,480,,,16.11513549812171,16.121897615362833,223,synthetic:road-v0,payload_x_fec,38.611,
278,0.7222222222222222,0.1423611111111111,32,,480,,,17.03430200447643,16.094641937620818,223,synthetic:road-v5,payload_x_fec,38.611,
278,0.5555555555555556,0.10416666666666667,32,,480,,,20.994707000707805,20.180183240256397,223,synthetic:targets-v0,payload_x_fec,38.611,
278,0.5,0.09027777777777778,32,,480,,,19.027525667911156,17.55348391361936,223,synthetic:targets-v7,payload_x_fec,38.611,
278,1.0,0.34375,64,,480,,,19.97600820154468,19.97600820154468,191,synthetic:horizon-v0,payload_x_fec,38.611,
278,0.8888888888888888,0.3541666666666667,64,,480,,,21.379459618311277,21.21073427054624,191,synthetic:horizon-v3,payload_x_fec,38.611,
278,0.8888888888888888,0.3506944444444444,64,,480,,,18.608321240579855,18.390884395900386,191,synthetic:road-v0,payload_x_fec,38.611,
278,1.0,0.3680555555555556,64,,480,,,21.057477800746877,21.057477800746877,191,synthetic:road-v5,payload_x_fec,38.611,
278,0.9444444444444444,0.4201388888888889,64,,480,,,27.36560295014526,27.36560295014526,191,synthetic:targets-v0,payload_x_fec,38.611,
278,0.8888888888888888,0.25,64,,480,,,20.47662206037841,20.13162058956805,191,synthetic:targets-v7,payload_x_fec,38.611,
278,1.0,0.8333333333333334,,,,,bawp,30.730638146572133,30.730638146572133,,synthetic:horizon-v0,window,38.611,0
278,1.0,0.7743055555555556,,,,,bawp,29.21445811479589,29.21445811479589,,synthetic:horizon-v3,window,38.611,0
278,1.0,0.7673611111111112,,,,,bawp,22.32302859434303,22.32302859434303,,synthetic:road-v0,window,38.611,0
278,1.0,0.8020833333333334,,,,,bawp,25.16806267003578,25.16806267003578,,synthetic:road-v5,window,38.611,0
278,1.0,0.8159722222222222,,,,,bawp,30.739814017571746,30.739814017571746,,synthetic:targets-v0,window,38.611,0
278,1.0,0.6701388888888888,,,,,bawp,26.827192110137744,26.827192110137744,,synthetic:targets-v7,window,38.611,0
278,1.0,0.8333333333333334,,neutral,,,,24.524459025417016,24.524459025417016,,synthetic:horizon-v0,fill_policy,38.611,
278,1.0,0.7708333333333334,,neutral,,,,23.914203505609315,23.914203505609315,,synthetic:horizon-v3,fill_policy,38.611,
278,1.0,0.7638888888888888,,neutral,,,,21.051277871030564,21.051277871030564,,synthetic:road-v0,fill_policy,38.611,
278,1.0,0.7951388888888888,,neutral,,,,20.407853842590086,20.407853842590086,,synthetic:road-v5,fill_policy,38.611,
278,1.0,0.8194444444444444,,neutral,,,,26.005710843977788,26.005710843977788,,synthetic:targets-v0,fill_policy,38.611,
278,1.0,0.6805555555555556,,neutral,,,,21.865081480388444,21.865081480388444,,synthetic:targets-v7,fill_policy,38.611,
278,1.0,0.8333333333333334,,interpolate,,,,30.730638146572133,30.730638146572133,,synthetic:horizon-v0,fill_policy,38.611,
278,1.0,0.7743055555555556,,interpolate,,,,29.21445811479589,29.21445811479589,,synthetic:horizon-v3,fill_policy,38.611,
278,1.0,0.7673611111111112,,interpolate,,,,22.32302859434303,22.32302859434303,,synthetic:road-v0,fill_policy,38.611,
278,1.0,0.8020833333333334,,interpolate,,,,25.16806267003578,25.16806267003578,,synthetic:road-v5,fill_policy,38.611,
278,1.0,0.8159722222222222,,interpolate,,,,30.739814017571746,30.739814017571746,,synthetic:targets-v0,fill_policy,38.611,
278,1.0,0.6701388888888888,,interpolate,,,,26.827192110137744,26.827192110137744,,synthetic:targets-v7,fill_policy,38.611,
278,1.0,0.8333333333333334,,previous,,,,30.441830507491513,30.441830507491513,,synthetic:horizon-v0,fill_policy,38.611,
278,1.0,0.7777777777777778,,previous,,,,27.953164915825326,27.953164915825326,,synthetic:horizon-v3,fill_policy,38.611,
278,1.0,0.7673611111111112,,previous,,,,22.25355746499866,22.25355746499866,,synthetic:road-v0,fill_policy,38.611,
278,1.0,0.7986111111111112,,previous,,,,23.785944834057545,23.785944834057545,,synthetic:road-v5,fill_policy,38.611,
278,1.0,0.8194444444444444,,previous,,,,30.24884145843692,30.24884145843692,,synthetic:targets-v0,fill_policy,38.611,
278,1.0,0.6770833333333334,,previous,,,,25.520758004560008,25.520758004560008,,synthetic:targets-v7,fill_policy,38.611,
