burst_len_lines,channel,coverage,gain,grid,method,n_scenes,noise_sigma,offset,psnr_full,psnr_full_sd
1,mild[noise_sigmaxburst_len_lines=0],1.0,,noise_x_burst,B0a-R,6,0,,31.599140450118085,2.224384532192201
1,mild[noise_sigmaxburst_len_lines=0],1.0,,noise_x_burst,B4,6,0,,33.8518308336543,2.6701546587709486
1,mild[noise_sigmaxburst_len_lines=0],1.0,,noise_x_burst,P,6,0,,30.252280210321263,2.879750082925159
32,mild[noise_sigmaxburst_len_lines=10],1.0,,noise_x_burst,B0a-R,6,4,,31.268054737234895,1.9780971479873182
32,mild[noise_sigmaxburst_len_lines=10],1.0,,noise_x_burst,B4,6,4,,33.8518308336543,2.6701546587709486
32,mild[noise_sigmaxburst_len_lines=10],1.0,,noise_x_burst,P,6,4,,30.252280210321263,2.879750082925159
48,mild[noise_sigmaxburst_len_lines=11],1.0,,noise_x_burst,B0a-R,6,4,,31.249847021615718,2.0185841563500113
48,mild[noise_sigmaxburst_len_lines=11],1.0,,noise_x_burst,B4,6,4,,33.8518308336543,2.6701546587709486
48,mild[noise_sigmaxburst_len_lines=11],1.0,,noise_x_burst,P,6,4,,30.252280210321263,2.879750082925159
1,mild[noise_sigmaxburst_len_lines=12],1.0,,noise_x_burst,B0a-R,6,8,,30.01405427161461,1.5378994741887217
1,mild[noise_sigmaxburst_len_lines=12],1.0,,noise_x_burst,B4,6,8,,33.8518308336543,2.6701546587709486
1,mild[noise_sigmaxburst_len_lines=12],1.0,,noise_x_burst,P,6,8,,30.252280210321263,2.879750082925159
4,mild[noise_sigmaxburst_len_lines=13],1.0,,noise_x_burst,B0a-R,6,8,,30.012860793161604,1.5466008505658135
4,mild[noise_sigmaxburst_len_lines=13],1.0,,noise_x_burst,B4,6,8,,33.8518308336543,2.6701546587709486
4,mild[noise_sigmaxburst_len_lines=13],1.0,,noise_x_burst,P,6,8,,30.252280210321263,2.879750082925159
8,mild[noise_sigmaxburst_len_lines=14],1.0,,noise_x_burst,B0a-R,6,8,,30.00597837384937,1.5529537378976326
8,mild[noise_sigmaxburst_len_lines=14],1.0,,noise_x_burst,B4,6,8,,33.8518308336543,2.6701546587709486
8,mild[noise_sigmaxburst_len_lines=14],1.0,,noise_x_burst,P,6,8,,30.252280210321263,2.879750082925159
16,mild[noise_sigmaxburst_len_lines=15],1.0,,noise_x_burst,B0a-R,6,8,,30.020962814971156,1.5508708594444909
16,mild[noise_sigmaxburst_len_lines=15],1.0,,noise_x_burst,B4,6,8,,33.8518308336543,2.6701546587709486
16,mild[noise_sigmaxburst_len_lines=15],1.0,,noise_x_burst,P,6,8,,30.252280210321263,2.879750082925159
32,mild[noise_sigmaxburst_len_lines=16],1.0,,noise_x_burst,B0a-R,6,8,,30.004224327915505,1.5560516241510758
32,mild[noise_sigmaxburst_len_lines=16],1.0,,noise_x_burst,B4,6,8,,33.8518308336543,2.6701546587709486
32,mild[noise_sigmaxburst_len_lines=16],1.0,,noise_x_burst,P,6,8,,30.252280210321263,2.879750082925159
48,mild[noise_sigmaxburst_len_lines=17],1.0,,noise_x_burst,B0a-R,6,8,,30.01769952786705,1.5441868389494326
48,mild[noise_sigmaxburst_len_lines=17],1.0,,noise_x_burst,B4,6,8,,33.8518308336543,2.6701546587709486
48,mild[noise_sigmaxburst_len_lines=17],1.0,,noise_x_burst,P,6,8,,30.252280210321263,2.879750082925159
1,mild[noise_sigmaxburst_len_lines=18],1.0,,noise_x_burst,B0a-R,6,12,,28.58061395503798,1.0462757330976529
1,mild[noise_sigmaxburst_len_lines=18],1.0,,noise_x_burst,B4,6,12,,33.8518308336543,2.6701546587709486
1,mild[noise_sigmaxburst_len_lines=18],1.0,,noise_x_burst,P,6,12,,30.252280210321263,2.879750082925159
4,mild[noise_sigmaxburst_len_lines=19],1.0,,noise_x_burst,B0a-R,6,12,,28.570851035098446,1.0924687802485404
4,mild[noise_sigmaxburst_len_lines=19],1.0,,noise_x_burst,B4,6,12,,33.8518308336543,2.6701546587709486
4,mild[noise_sigmaxburst_len_lines=19],1.0,,noise_x_burst,P,6,12,,30.252280210321263,2.879750082925159
4,mild[noise_sigmaxburst_len_lines=1],1.0,,noise_x_burst,B0a-R,6,0,,31.58940486611443,2.198389164621791
4,mild[noise_sigmaxburst_len_lines=1],1.0,,noise_x_burst,B4,6,0,,33.8518308336543,2.6701546587709486
4,mild[noise_sigmaxburst_len_lines=1],1.0,,noise_x_burst,P,6,0,,30.252280210321263,2.879750082925159
8,mild[noise_sigmaxburst_len_lines=20],1.0,,noise_x_burst,B0a-R,6,12,,28.56846226902889,1.058136746701732
8,mild[noise_sigmaxburst_len_lines=20],1.0,,noise_x_burst,B4,6,12,,33.8518308336543,2.6701546587709486
8,mild[noise_sigmaxburst_len_lines=20],1.0,,noise_x_burst,P,6,12,,30.252280210321263,2.879750082925159
16,mild[noise_sigmaxburst_len_lines=21],1.0,,noise_x_burst,B0a-R,6,12,,28.584765605060614,1.0783007691385051
16,mild[noise_sigmaxburst_len_lines=21],1.0,,noise_x_burst,B4,6,12,,33.8518308336543,2.6701546587709486
16,mild[noise_sigmaxburst_len_lines=21],1.0,,noise_x_burst,P,6,12,,30.252280210321263,2.879750082925159
32,mild[noise_sigmaxburst_len_lines=22],1.0,,noise_x_burst,B0a-R,6,12,,28.565100415371685,1.0800514762706466
32,mild[noise_sigmaxburst_len_lines=22],1.0,,noise_x_burst,B4,6,12,,33.8518308336543,2.6701546587709486
32,mild[noise_sigmaxburst_len_lines=22],1.0,,noise_x_burst,P,6,12,,30.252280210321263,2.879750082925159
48,mild[noise_sigmaxburst_len_lines=23],1.0,,noise_x_burst,B0a-R,6,12,,28.566432976704647,1.0771054717202004
48,mild[noise_sigmaxburst_len_lines=23],1.0,,noise_x_burst,B4,6,12,,33.8518308336543,2.6701546587709486
48,mild[noise_sigmaxburst_len_lines=23],1.0,,noise_x_burst,P,6,12,,30.252280210321263,2.879750082925159
1,mild[noise_sigmaxburst_len_lines=24],1.0,,noise_x_burst,B0a-R,6,16,,27.206870023771092,0.680506611998822
1,mild[noise_sigmaxburst_len_lines=24],1.0,,noise_x_burst,B4,6,16,,33.8518308336543,2.6701546587709486
1,mild[noise_sigmaxburst_len_lines=24],1.0,,noise_x_burst,P,6,16,,30.252280210321263,2.879750082925159
4,mild[noise_sigmaxburst_len_lines=25],1.0,,noise_x_burst,B0a-R,6,16,,27.199354271342447,0.6838327987104493
4,mild[noise_sigmaxburst_len_lines=25],1.0,,noise_x_burst,B4,6,16,,33.8518308336543,2.6701546587709486
4,mild[noise_sigmaxburst_len_lines=25],1.0,,noise_x_burst,P,6,16,,30.252280210321263,2.879750082925159
8,mild[noise_sigmaxburst_len_lines=26],1.0,,noise_x_burst,B0a-R,6,16,,27.186929823652566,0.7036541669555374
8,mild[noise_sigmaxburst_len_lines=26],1.0,,noise_x_burst,B4,6,16,,33.8518308336543,2.6701546587709486
8,mild[noise_sigmaxburst_len_lines=26],1.0,,noise_x_burst,P,6,16,,30.252280210321263,2.879750082925159
16,mild[noise_sigmaxburst_len_lines=27],1.0,,noise_x_burst,B0a-R,6,16,,27.198493169488497,0.6802252558014523
16,mild[noise_sigmaxburst_len_lines=27],1.0,,noise_x_burst,B4,6,16,,33.8518308336543,2.6701546587709486
16,mild[noise_sigmaxburst_len_lines=27],1.0,,noise_x_burst,P,6,16,,30.252280210321263,2.879750082925159
32,mild[noise_sigmaxburst_len_lines=28],1.0,,noise_x_burst,B0a-R,6,16,,27.209956524441264,0.6782980529589678
32,mild[noise_sigmaxburst_len_lines=28],1.0,,noise_x_burst,B4,6,16,,33.8518308336543,2.6701546587709486
32,mild[noise_sigmaxburst_len_lines=28],1.0,,noise_x_burst,P,6,16,,30.252280210321263,2.879750082925159
48,mild[noise_sigmaxburst_len_lines=29],1.0,,noise_x_burst,B0a-R,6,16,,27.20216523772319,0.6895878376121707
48,mild[noise_sigmaxburst_len_lines=29],1.0,,noise_x_burst,B4,6,16,,33.8518308336543,2.6701546587709486
48,mild[noise_sigmaxburst_len_lines=29],1.0,,noise_x_burst,P,6,16,,30.252280210321263,2.879750082925159
8,mild[noise_sigmaxburst_len_lines=2],1.0,,noise_x_burst,B0a-R,6,0,,31.588439052466672,2.2077901438387797
8,mild[noise_sigmaxburst_len_lines=2],1.0,,noise_x_burst,B4,6,0,,33.8518308336543,2.6701546587709486
8,mild[noise_sigmaxburst_len_lines=2],1.0,,noise_x_burst,P,6,0,,30.252280210321263,2.879750082925159
16,mild[noise_sigmaxburst_len_lines=3],1.0,,noise_x_burst,B0a-R,6,0,,31.62138524381378,2.1648761958219573
16,mild[noise_sigmaxburst_len_lines=3],1.0,,noise_x_burst,B4,6,0,,33.8518308336543,2.6701546587709486
16,mild[noise_sigmaxburst_len_lines=3],1.0,,noise_x_burst,P,6,0,,30.252280210321263,2.879750082925159
32,mild[noise_sigmaxburst_len_lines=4],1.0,,noise_x_burst,B0a-R,6,0,,31.600756324729247,2.2078818168852763
32,mild[noise_sigmaxburst_len_lines=4],1.0,,noise_x_burst,B4,6,0,,33.8518308336543,2.6701546587709486
32,mild[noise_sigmaxburst_len_lines=4],1.0,,noise_x_burst,P,6,0,,30.252280210321263,2.879750082925159
48,mild[noise_sigmaxburst_len_lines=5],1.0,,noise_x_burst,B0a-R,6,0,,31.606798851791112,2.1904329158529467
48,mild[noise_sigmaxburst_len_lines=5],1.0,,noise_x_burst,B4,6,0,,33.8518308336543,2.6701546587709486
48,mild[noise_sigmaxburst_len_lines=5],1.0,,noise_x_burst,P,6,0,,30.252280210321263,2.879750082925159
1,mild[noise_sigmaxburst_len_lines=6],1.0,,noise_x_burst,B0a-R,6,4,,31.257970253562505,1.9940470381014646
1,mild[noise_sigmaxburst_len_lines=6],1.0,,noise_x_burst,B4,6,4,,33.8518308336543,2.6701546587709486
1,mild[noise_sigmaxburst_len_lines=6],1.0,,noise_x_burst,P,6,4,,30.252280210321263,2.879750082925159
4,mild[noise_sigmaxburst_len_lines=7],1.0,,noise_x_burst,B0a-R,6,4,,31.28211729685864,1.9869321146098915
4,mild[noise_sigmaxburst_len_lines=7],1.0,,noise_x_burst,B4,6,4,,33.8518308336543,2.6701546587709486
4,mild[noise_sigmaxburst_len_lines=7],1.0,,noise_x_burst,P,6,4,,30.252280210321263,2.879750082925159
8,mild[noise_sigmaxburst_len_lines=8],1.0,,noise_x_burst,B0a-R,6,4,,31.256212635878267,1.9893453645743708
8,mild[noise_sigmaxburst_len_lines=8],1.0,,noise_x_burst,B4,6,4,,33.8518308336543,2.6701546587709486
8,mild[noise_sigmaxburst_len_lines=8],1.0,,noise_x_burst,P,6,4,,30.252280210321263,2.879750082925159
16,mild[noise_sigmaxburst_len_lines=9],1.0,,noise_x_burst,B0a-R,6,4,,31.263445522678854,1.9706998548475927
16,mild[noise_sigmaxburst_len_lines=9],1.0,,noise_x_burst,B4,6,4,,33.8518308336543,2.6701546587709486
16,mild[noise_sigmaxburst_len_lines=9],1.0,,noise_x_burst,P,6,4,,30.252280210321263,2.879750082925159
,mild[gainxoffset=0],1.0,0.6,gain_x_offset,B0a-R,6,,-20,31.004549521771526,1.944820105923621
,mild[gainxoffset=0],1.0,0.6,gain_x_offset,B4,6,,-20,33.8518308336543,2.6701546587709486
,mild[gainxoffset=0],1.0,0.6,gain_x_offset,P,6,,-20,30.252280210321263,2.879750082925159
,mild[gainxoffset=10],1.0,0.75,gain_x_offset,B0a-R,6,,20,31.313097144357375,2.015961317526325
,mild[gainxoffset=10],1.0,0.75,gain_x_offset,B4,6,,20,33.8518308336543,2.6701546587709486
,mild[gainxoffset=10],1.0,0.75,gain_x_offset,P,6,,20,30.252280210321263,2.879750082925159
,mild[gainxoffset=11],1.0,0.75,gain_x_offset,B0a-R,6,,40,31.316017876313683,2.0004777886218417
,mild[gainxoffset=11],1.0,0.75,gain_x_offset,B4,6,,40,33.8518308336543,2.6701546587709486
,mild[gainxoffset=11],1.0,0.75,gain_x_offset,P,6,,40,30.252280210321263,2.879750082925159
,mild[gainxoffset=12],1.0,0.9,gain_x_offset,B0a-R,6,,-20,31.438080193333388,2.05876897115854
,mild[gainxoffset=12],1.0,0.9,gain_x_offset,B4,6,,-20,33.8518308336543,2.6701546587709486
,mild[gainxoffset=12],1.0,0.9,gain_x_offset,P,6,,-20,30.252280210321263,2.879750082925159
,mild[gainxoffset=13],1.0,0.9,gain_x_offset,B0a-R,6,,-10,31.449381581552704,2.0583947293833416
,mild[gainxoffset=13],1.0,0.9,gain_x_offset,B4,6,,-10,33.8518308336543,2.6701546587709486
,mild[gainxoffset=13],1.0,0.9,gain_x_offset,P,6,,-10,30.252280210321263,2.879750082925159
,mild[gainxoffset=14],1.0,0.9,gain_x_offset,B0a-R,6,,0,31.461034113060677,2.0577588819368344
,mild[gainxoffset=14],1.0,0.9,gain_x_offset,B4,6,,0,33.8518308336543,2.6701546587709486
,mild[gainxoffset=14],1.0,0.9,gain_x_offset,P,6,,0,30.252280210321263,2.879750082925159
,mild[gainxoffset=15],1.0,0.9,gain_x_offset,B0a-R,6,,10,31.449557158794097,2.0746939255449934
,mild[gainxoffset=15],1.0,0.9,gain_x_offset,B4,6,,10,33.8518308336543,2.6701546587709486
,mild[gainxoffset=15],1.0,0.9,gain_x_offset,P,6,,10,30.252280210321263,2.879750082925159
,mild[gainxoffset=16],1.0,0.9,gain_x_offset,B0a-R,6,,20,31.46883827411649,2.0790835628692284
,mild[gainxoffset=16],1.0,0.9,gain_x_offset,B4,6,,20,33.8518308336543,2.6701546587709486
,mild[gainxoffset=16],1.0,0.9,gain_x_offset,P,6,,20,30.252280210321263,2.879750082925159
,mild[gainxoffset=17],1.0,0.9,gain_x_offset,B0a-R,6,,40,31.46660217772705,2.054700170968641
,mild[gainxoffset=17],1.0,0.9,gain_x_offset,B4,6,,40,33.8518308336543,2.6701546587709486
,mild[gainxoffset=17],1.0,0.9,gain_x_offset,P,6,,40,30.252280210321263,2.879750082925159
,mild[gainxoffset=18],1.0,1.0,gain_x_offset,B0a-R,6,,-20,31.514058266768362,2.1025824886061204
,mild[gainxoffset=18],1.0,1.0,gain_x_offset,B4,6,,-20,33.8518308336543,2.6701546587709486
,mild[gainxoffset=18],1.0,1.0,gain_x_offset,P,6,,-20,30.252280210321263,2.879750082925159
,mild[gainxoffset=19],1.0,1.0,gain_x_offset,B0a-R,6,,-10,31.522539336382547,2.1014144878723795
,mild[gainxoffset=19],1.0,1.0,gain_x_offset,B4,6,,-10,33.8518308336543,2.6701546587709486
,mild[gainxoffset=19],1.0,1.0,gain_x_offset,P,6,,-10,30.252280210321263,2.879750082925159
,mild[gainxoffset=1],1.0,0.6,gain_x_offset,B0a-R,6,,-10,31.073590344916216,1.9198757821198185
,mild[gainxoffset=1],1.0,0.6,gain_x_offset,B4,6,,-10,33.8518308336543,2.6701546587709486
,mild[gainxoffset=1],1.0,0.6,gain_x_offset,P,6,,-10,30.252280210321263,2.879750082925159
,mild[gainxoffset=20],1.0,1.0,gain_x_offset,B0a-R,6,,0,31.51430055167074,2.100404252171561
,mild[gainxoffset=20],1.0,1.0,gain_x_offset,B4,6,,0,33.8518308336543,2.6701546587709486
,mild[gainxoffset=20],1.0,1.0,gain_x_offset,P,6,,0,30.252280210321263,2.879750082925159
,mild[gainxoffset=21],1.0,1.0,gain_x_offset,B0a-R,6,,10,31.521259278033757,2.1056016082939792
,mild[gainxoffset=21],1.0,1.0,gain_x_offset,B4,6,,10,33.8518308336543,2.6701546587709486
,mild[gainxoffset=21],1.0,1.0,gain_x_offset,P,6,,10,30.252280210321263,2.879750082925159
,mild[gainxoffset=22],1.0,1.0,gain_x_offset,B0a-R,6,,20,31.531807921622782,2.0851312028987934
,mild[gainxoffset=22],1.0,1.0,gain_x_offset,B4,6,,20,33.8518308336543,2.6701546587709486
,mild[gainxoffset=22],1.0,1.0,gain_x_offset,P,6,,20,30.252280210321263,2.879750082925159
,mild[gainxoffset=23],1.0,1.0,gain_x_offset,B0a-R,6,,40,31.333876406103688,1.8229706359080964
,mild[gainxoffset=23],1.0,1.0,gain_x_offset,B4,6,,40,33.8518308336543,2.6701546587709486
,mild[gainxoffset=23],1.0,1.0,gain_x_offset,P,6,,40,30.252280210321263,2.879750082925159
,mild[gainxoffset=24],1.0,1.1,gain_x_offset,B0a-R,6,,-20,31.5492281787989,2.118030598827719
,mild[gainxoffset=24],1.0,1.1,gain_x_offset,B4,6,,-20,33.8518308336543,2.6701546587709486
,mild[gainxoffset=24],1.0,1.1,gain_x_offset,P,6,,-20,30.252280210321263,2.879750082925159
,mild[gainxoffset=25],1.0,1.1,gain_x_offset,B0a-R,6,,-10,31.56223037927855,2.092903294682124
,mild[gainxoffset=25],1.0,1.1,gain_x_offset,B4,6,,-10,33.8518308336543,2.6701546587709486
,mild[gainxoffset=25],1.0,1.1,gain_x_offset,P,6,,-10,30.252280210321263,2.879750082925159
,mild[gainxoffset=26],1.0,1.1,gain_x_offset,B0a-R,6,,0,31.581670324523156,2.1083519103091524
,mild[gainxoffset=26],1.0,1.1,gain_x_offset,B4,6,,0,33.8518308336543,2.6701546587709486
,mild[gainxoffset=26],1.0,1.1,gain_x_offset,P,6,,0,30.252280210321263,2.879750082925159
,mild[gainxoffset=27],1.0,1.1,gain_x_offset,B0a-R,6,,10,31.554547512058495,2.122754431044056
,mild[gainxoffset=27],1.0,1.1,gain_x_offset,B4,6,,10,33.8518308336543,2.6701546587709486
,mild[gainxoffset=27],1.0,1.1,gain_x_offset,P,6,,10,30.252280210321263,2.879750082925159
,mild[gainxoffset=28],1.0,1.1,gain_x_offset,B0a-R,6,,20,31.224367482302423,1.6262424540898082
,mild[gainxoffset=28],1.0,1.1,gain_x_offset,B4,6,,20,33.8518308336543,2.6701546587709486
,mild[gainxoffset=28],1.0,1.1,gain_x_offset,P,6,,20,30.252280210321263,2.879750082925159
,mild[gainxoffset=29],1.0,1.1,gain_x_offset,B0a-R,6,,40,24.57252225240504,3.0947673632378465
,mild[gainxoffset=29],1.0,1.1,gain_x_offset,B4,6,,40,33.8518308336543,2.6701546587709486
,mild[gainxoffset=29],1.0,1.1,gain_x_offset,P,6,,40,30.252280210321263,2.879750082925159
,mild[gainxoffset=2],1.0,0.6,gain_x_offset,B0a-R,6,,0,31.1025236201174,1.9233171523521955
,mild[gainxoffset=2],1.0,0.6,gain_x_offset,B4,6,,0,33.8518308336543,2.6701546587709486
,mild[gainxoffset=2],1.0,0.6,gain_x_offset,P,6,,0,30.252280210321263,2.879750082925159
,mild[gainxoffset=3],1.0,0.6,gain_x_offset,B0a-R,6,,10,31.064457562395972,1.9297891323015088
,mild[gainxoffset=3],1.0,0.6,gain_x_offset,B4,6,,10,33.8518308336543,2.6701546587709486
,mild[gainxoffset=3],1.0,0.6,gain_x_offset,P,6,,10,30.252280210321263,2.879750082925159
,mild[gainxoffset=4],1.0,0.6,gain_x_offset,B0a-R,6,,20,31.0629455586411,1.9211048704602862
,mild[gainxoffset=4],1.0,0.6,gain_x_offset,B4,6,,20,33.8518308336543,2.6701546587709486
,mild[gainxoffset=4],1.0,0.6,gain_x_offset,P,6,,20,30.252280210321263,2.879750082925159
,mild[gainxoffset=5],1.0,0.6,gain_x_offset,B0a-R,6,,40,31.072498550340175,1.9168743316636812
,mild[gainxoffset=5],1.0,0.6,gain_x_offset,B4,6,,40,33.8518308336543,2.6701546587709486
,mild[gainxoffset=5],1.0,0.6,gain_x_offset,P,6,,40,30.252280210321263,2.879750082925159
,mild[gainxoffset=6],1.0,0.75,gain_x_offset,B0a-R,6,,-20,31.326933222646016,1.9961453789618515
,mild[gainxoffset=6],1.0,0.75,gain_x_offset,B4,6,,-20,33.8518308336543,2.6701546587709486
,mild[gainxoffset=6],1.0,0.75,gain_x_offset,P,6,,-20,30.252280210321263,2.879750082925159
,mild[gainxoffset=7],1.0,0.75,gain_x_offset,B0a-R,6,,-10,31.31521012963712,2.02764361723399
,mild[gainxoffset=7],1.0,0.75,gain_x_offset,B4,6,,-10,33.8518308336543,2.6701546587709486
,mild[gainxoffset=7],1.0,0.75,gain_x_offset,P,6,,-10,30.252280210321263,2.879750082925159
,mild[gainxoffset=8],1.0,0.75,gain_x_offset,B0a-R,6,,0,31.31189979442328,2.0037808215884483
,mild[gainxoffset=8],1.0,0.75,gain_x_offset,B4,6,,0,33.8518308336543,2.6701546587709486
,mild[gainxoffset=8],1.0,0.75,gain_x_offset,P,6,,0,30.252280210321263,2.879750082925159
,mild[gainxoffset=9],1.0,0.75,gain_x_offset,B0a-R,6,,10,31.33374236956821,2.0074297540277337
,mild[gainxoffset=9],1.0,0.75,gain_x_offset,B4,6,,10,33.8518308336543,2.6701546587709486
,mild[gainxoffset=9],1.0,0.75,gain_x_offset,P,6,,10,30.252280210321263,2.879750082925159
