availability,burst_len_lines,burst_rate_per_frame,coverage,method,operable,psnr_full,scene
1.0,1,1.0,1.0,B4,1.0,34.67519273710227,synthetic:horizon-v0
1.0,1,1.0,1.0,B4,1.0,35.789760864019705,synthetic:horizon-v3
1.0,1,1.0,1.0,B4,1.0,29.240869845747593,synthetic:road-v0
1.0,1,1.0,1.0,B4,1.0,32.19281981642441,synthetic:road-v5
1.0,1,1.0,1.0,B4,1.0,35.64161233921867,synthetic:targets-v0
1.0,1,1.0,1.0,B4,1.0,35.590254533623614,synthetic:targets-v7
1.0,1,1.0,1.0,B4t,1.0,32.427984089747646,synthetic:horizon-v0
1.0,1,1.0,1.0,B4t,1.0,33.337056475048364,synthetic:horizon-v3
1.0,1,1.0,1.0,B4t,1.0,27.793245151823506,synthetic:road-v0
1.0,1,1.0,1.0,B4t,1.0,30.53200082386742,synthetic:road-v5
1.0,1,1.0,1.0,B4t,1.0,33.76142239352211,synthetic:targets-v0
1.0,1,1.0,1.0,B4t,1.0,33.48347674000502,synthetic:targets-v7
1.0,1,1.0,1.0,P,1.0,31.93482725529786,synthetic:horizon-v0
1.0,1,1.0,1.0,P,1.0,32.44442242452049,synthetic:horizon-v3
1.0,1,1.0,1.0,P,1.0,25.45845297911407,synthetic:road-v0
1.0,1,1.0,1.0,P,1.0,27.9271132845788,synthetic:road-v5
1.0,1,1.0,1.0,P,1.0,32.11843983018342,synthetic:targets-v0
1.0,1,1.0,1.0,P,1.0,31.566102600427357,synthetic:targets-v7
1.0,4,1.0,1.0,B4,1.0,34.67519273710227,synthetic:horizon-v0
1.0,4,1.0,1.0,B4,1.0,35.789760864019705,synthetic:horizon-v3
1.0,4,1.0,1.0,B4,1.0,29.240869845747593,synthetic:road-v0
1.0,4,1.0,1.0,B4,1.0,32.19281981642441,synthetic:road-v5
1.0,4,1.0,1.0,B4,1.0,35.64161233921867,synthetic:targets-v0
1.0,4,1.0,1.0,B4,1.0,35.590254533623614,synthetic:targets-v7
1.0,4,1.0,1.0,B4t,1.0,32.427984089747646,synthetic:horizon-v0
1.0,4,1.0,1.0,B4t,1.0,33.337056475048364,synthetic:horizon-v3
1.0,4,1.0,1.0,B4t,1.0,27.793245151823506,synthetic:road-v0
1.0,4,1.0,1.0,B4t,1.0,30.53200082386742,synthetic:road-v5
1.0,4,1.0,1.0,B4t,1.0,33.76142239352211,synthetic:targets-v0
1.0,4,1.0,0.9861111111111112,B4t,0.9444444444444444,33.01925717411878,synthetic:targets-v7
1.0,4,1.0,1.0,P,1.0,31.93482725529786,synthetic:horizon-v0
1.0,4,1.0,0.9861111111111112,P,0.9444444444444444,32.19226855992617,synthetic:horizon-v3
1.0,4,1.0,1.0,P,1.0,25.45845297911407,synthetic:road-v0
1.0,4,1.0,1.0,P,1.0,27.9271132845788,synthetic:road-v5
1.0,4,1.0,1.0,P,1.0,32.11843983018342,synthetic:targets-v0
1.0,4,1.0,1.0,P,1.0,31.566102600427357,synthetic:targets-v7
1.0,8,1.0,1.0,B4,1.0,34.67519273710227,synthetic:horizon-v0
1.0,8,1.0,1.0,B4,1.0,35.789760864019705,synthetic:horizon-v3
1.0,8,1.0,1.0,B4,1.0,29.240869845747593,synthetic:road-v0
1.0,8,1.0,1.0,B4,1.0,32.19281981642441,synthetic:road-v5
1.0,8,1.0,1.0,B4,1.0,35.64161233921867,synthetic:targets-v0
1.0,8,1.0,0.9722222222222222,B4,0.9444444444444444,34.881623617700754,synthetic:targets-v7
1.0,8,1.0,1.0,B4t,1.0,32.427984089747646,synthetic:horizon-v0
1.0,8,1.0,1.0,B4t,1.0,33.337056475048364,synthetic:horizon-v3
1.0,8,1.0,1.0,B4t,1.0,27.793245151823506,synthetic:road-v0
1.0,8,1.0,1.0,B4t,1.0,30.53200082386742,synthetic:road-v5
1.0,8,1.0,1.0,B4t,1.0,33.76142239352211,synthetic:targets-v0
1.0,8,1.0,0.9861111111111112,B4t,0.9444444444444444,33.027304474394725,synthetic:targets-v7
1.0,8,1.0,0.9861111111111112,P,0.9444444444444444,31.680606709950514,synthetic:horizon-v0
1.0,8,1.0,1.0,P,1.0,32.44442242452049,synthetic:horizon-v3
1.0,8,1.0,1.0,P,1.0,25.45845297911407,synthetic:road-v0
1.0,8,1.0,1.0,P,1.0,27.9271132845788,synthetic:road-v5
1.0,8,1.0,1.0,P,1.0,32.11843983018342,synthetic:targets-v0
1.0,8,1.0,0.9583333333333334,P,0.8888888888888888,30.577598833041115,synthetic:targets-v7
1.0,12,1.0,1.0,B4,1.0,34.67519273710227,synthetic:horizon-v0
1.0,12,1.0,0.9722222222222222,B4,0.9444444444444444,34.52237522820433,synthetic:horizon-v3
1.0,12,1.0,1.0,B4,1.0,29.240869845747593,synthetic:road-v0
1.0,12,1.0,1.0,B4,1.0,32.19281981642441,synthetic:road-v5
1.0,12,1.0,1.0,B4,1.0,35.64161233921867,synthetic:targets-v0
1.0,12,1.0,1.0,B4,1.0,35.590254533623614,synthetic:targets-v7
1.0,12,1.0,1.0,B4t,1.0,32.427984089747646,synthetic:horizon-v0
1.0,12,1.0,0.9583333333333334,B4t,0.9444444444444444,32.18226497422275,synthetic:horizon-v3
1.0,12,1.0,1.0,B4t,1.0,27.793245151823506,synthetic:road-v0
1.0,12,1.0,1.0,B4t,1.0,30.53200082386742,synthetic:road-v5
1.0,12,1.0,1.0,B4t,1.0,33.76142239352211,synthetic:targets-v0
1.0,12,1.0,1.0,B4t,1.0,33.48347674000502,synthetic:targets-v7
1.0,12,1.0,1.0,P,1.0,31.93482725529786,synthetic:horizon-v0
1.0,12,1.0,0.9652777777777778,P,0.8888888888888888,32.18663829177546,synthetic:horizon-v3
1.0,12,1.0,1.0,P,1.0,25.45845297911407,synthetic:road-v0
1.0,12,1.0,0.9722222222222222,P,0.8888888888888888,27.340859933592046,synthetic:road-v5
1.0,12,1.0,0.9861111111111112,P,0.9444444444444444,31.811826965994783,synthetic:targets-v0
1.0,12,1.0,0.9861111111111112,P,0.9444444444444444,31.23202626560216,synthetic:targets-v7
1.0,16,1.0,0.9722222222222222,B4,0.9444444444444444,33.41135611774609,synthetic:horizon-v0
1.0,16,1.0,1.0,B4,1.0,35.789760864019705,synthetic:horizon-v3
1.0,16,1.0,1.0,B4,1.0,29.240869845747593,synthetic:road-v0
1.0,16,1.0,1.0,B4,1.0,32.19281981642441,synthetic:road-v5
0.9444444444444444,16,1.0,0.9166666666666666,B4,0.8888888888888888,33.85224772921745,synthetic:targets-v0
1.0,16,1.0,0.9722222222222222,B4,0.9444444444444444,34.88162361770076,synthetic:targets-v7
1.0,16,1.0,0.9583333333333334,B4t,0.9444444444444444,31.189964706365103,synthetic:horizon-v0
1.0,16,1.0,1.0,B4t,1.0,33.337056475048364,synthetic:horizon-v3
1.0,16,1.0,1.0,B4t,1.0,27.793245151823506,synthetic:road-v0
1.0,16,1.0,1.0,B4t,1.0,30.53200082386742,synthetic:road-v5
0.9444444444444444,16,1.0,0.9027777777777778,B4t,0.8888888888888888,32.242298340089626,synthetic:targets-v0
1.0,16,1.0,0.9861111111111112,B4t,0.9444444444444444,33.027304474394725,synthetic:targets-v7
1.0,16,1.0,0.9652777777777778,P,0.8888888888888888,31.623361652868457,synthetic:horizon-v0
1.0,16,1.0,1.0,P,1.0,32.44442242452049,synthetic:horizon-v3
1.0,16,1.0,1.0,P,1.0,25.45845297911407,synthetic:road-v0
1.0,16,1.0,1.0,P,1.0,27.9271132845788,synthetic:road-v5
1.0,16,1.0,0.9375,P,0.8888888888888888,30.9846825231712,synthetic:targets-v0
1.0,16,1.0,0.9791666666666666,P,0.9444444444444444,31.209799568377605,synthetic:targets-v7
1.0,20,1.0,1.0,B4,1.0,34.67519273710227,synthetic:horizon-v0
1.0,20,1.0,1.0,B4,1.0,35.789760864019705,synthetic:horizon-v3
1.0,20,1.0,1.0,B4,1.0,29.240869845747593,synthetic:road-v0
1.0,20,1.0,0.9722222222222222,B4,0.9444444444444444,31.550777602408704,synthetic:road-v5
1.0,20,1.0,0.9722222222222222,B4,0.9444444444444444,34.96083196702685,synthetic:targets-v0
1.0,20,1.0,0.9722222222222222,B4,0.9444444444444444,34.66344601362905,synthetic:targets-v7
1.0,20,1.0,1.0,B4t,1.0,32.427984089747646,synthetic:horizon-v0
1.0,20,1.0,1.0,B4t,1.0,33.337056475048364,synthetic:horizon-v3
1.0,20,1.0,1.0,B4t,1.0,27.793245151823506,synthetic:road-v0
1.0,20,1.0,0.9861111111111112,B4t,0.9444444444444444,30.09098947015868,synthetic:road-v5
1.0,20,1.0,0.9861111111111112,B4t,0.9444444444444444,33.37325484502534,synthetic:targets-v0
1.0,20,1.0,0.9583333333333334,B4t,0.9444444444444444,32.64878328666285,synthetic:targets-v7
1.0,20,1.0,1.0,P,1.0,31.93482725529786,synthetic:horizon-v0
1.0,20,1.0,1.0,P,1.0,32.44442242452049,synthetic:horizon-v3
1.0,20,1.0,1.0,P,1.0,25.45845297911407,synthetic:road-v0
1.0,20,1.0,0.9722222222222222,P,0.9444444444444444,27.5209066570371,synthetic:road-v5
1.0,20,1.0,0.9791666666666666,P,0.9444444444444444,31.681492915571393,synthetic:targets-v0
1.0,20,1.0,0.9791666666666666,P,0.9444444444444444,30.94474985686083,synthetic:targets-v7
1.0,24,1.0,0.9166666666666666,B4,0.8333333333333334,32.21933882919036,synthetic:horizon-v0
1.0,24,1.0,1.0,B4,1.0,35.789760864019705,synthetic:horizon-v3
1.0,24,1.0,1.0,B4,1.0,29.240869845747593,synthetic:road-v0
1.0,24,1.0,1.0,B4,1.0,32.19281981642441,synthetic:road-v5
1.0,24,1.0,1.0,B4,1.0,35.64161233921867,synthetic:targets-v0
1.0,24,1.0,0.9722222222222222,B4,0.9444444444444444,34.989928184647496,synthetic:targets-v7
1.0,24,1.0,0.9027777777777778,B4t,0.8333333333333334,29.817463131725162,synthetic:horizon-v0
1.0,24,1.0,1.0,B4t,1.0,33.337056475048364,synthetic:horizon-v3
1.0,24,1.0,1.0,B4t,1.0,27.793245151823506,synthetic:road-v0
1.0,24,1.0,1.0,B4t,1.0,30.53200082386742,synthetic:road-v5
1.0,24,1.0,1.0,B4t,1.0,33.76142239352211,synthetic:targets-v0
1.0,24,1.0,0.9861111111111112,B4t,0.9444444444444444,33.066136535369225,synthetic:targets-v7
1.0,24,1.0,0.9375,P,0.8333333333333334,31.076149922350957,synthetic:horizon-v0
1.0,24,1.0,1.0,P,1.0,32.44442242452049,synthetic:horizon-v3
1.0,24,1.0,0.9861111111111112,P,0.9444444444444444,25.13362914056219,synthetic:road-v0
1.0,24,1.0,0.9861111111111112,P,0.9444444444444444,27.609915969825536,synthetic:road-v5
1.0,24,1.0,1.0,P,1.0,32.11843983018342,synthetic:targets-v0
1.0,24,1.0,0.9652777777777778,P,0.8888888888888888,30.854671292182065,synthetic:targets-v7
1.0,28,1.0,1.0,B4,1.0,34.67519273710227,synthetic:horizon-v0
1.0,28,1.0,0.9722222222222222,B4,0.9444444444444444,35.279477369397114,synthetic:horizon-v3
1.0,28,1.0,1.0,B4,1.0,29.240869845747593,synthetic:road-v0
1.0,28,1.0,1.0,B4,1.0,32.19281981642441,synthetic:road-v5
1.0,28,1.0,1.0,B4,1.0,35.64161233921867,synthetic:targets-v0
1.0,28,1.0,0.9722222222222222,B4,0.9444444444444444,34.692545726786356,synthetic:targets-v7
1.0,28,1.0,1.0,B4t,1.0,32.427984089747646,synthetic:horizon-v0
1.0,28,1.0,0.9861111111111112,B4t,0.9444444444444444,33.12057084530201,synthetic:horizon-v3
1.0,28,1.0,1.0,B4t,1.0,27.793245151823506,synthetic:road-v0
1.0,28,1.0,1.0,B4t,1.0,30.53200082386742,synthetic:road-v5
1.0,28,1.0,1.0,B4t,1.0,33.76142239352211,synthetic:targets-v0
1.0,28,1.0,0.9583333333333334,B4t,0.9444444444444444,32.69586001264577,synthetic:targets-v7
1.0,28,1.0,1.0,P,1.0,31.93482725529786,synthetic:horizon-v0
1.0,28,1.0,0.9791666666666666,P,0.9444444444444444,31.759882238540303,synthetic:horizon-v3
1.0,28,1.0,1.0,P,1.0,25.45845297911407,synthetic:road-v0
1.0,28,1.0,1.0,P,1.0,27.9271132845788,synthetic:road-v5
1.0,28,1.0,0.9861111111111112,P,0.9444444444444444,31.80172945125977,synthetic:targets-v0
1.0,28,1.0,0.9756944444444444,P,0.9444444444444444,30.97221627196686,synthetic:targets-v7
1.0,32,1.0,1.0,B4,1.0,34.67519273710227,synthetic:horizon-v0
1.0,32,1.0,0.9444444444444444,B4,0.8888888888888888,34.71145401014556,synthetic:horizon-v3
1.0,32,1.0,0.9722222222222222,B4,0.9444444444444444,28.565673932600873,synthetic:road-v0
1.0,32,1.0,1.0,B4,1.0,32.19281981642441,synthetic:road-v5
1.0,32,1.0,0.9444444444444444,B4,0.8888888888888888,34.146082955298404,synthetic:targets-v0
1.0,32,1.0,0.9722222222222222,B4,0.9444444444444444,34.97173229774905,synthetic:targets-v7
1.0,32,1.0,1.0,B4t,1.0,32.427984089747646,synthetic:horizon-v0
1.0,32,1.0,0.9722222222222222,B4t,0.8888888888888888,32.76545170278569,synthetic:horizon-v3
1.0,32,1.0,0.9583333333333334,B4t,0.9444444444444444,27.043082570021635,synthetic:road-v0
1.0,32,1.0,1.0,B4t,1.0,30.53200082386742,synthetic:road-v5
1.0,32,1.0,0.9583333333333334,B4t,0.9444444444444444,33.09132085715084,synthetic:targets-v0
1.0,32,1.0,1.0,B4t,1.0,33.48347674000502,synthetic:targets-v7
1.0,32,1.0,1.0,P,1.0,31.93482725529786,synthetic:horizon-v0
1.0,32,1.0,0.9583333333333334,P,0.8888888888888888,30.976821158122064,synthetic:horizon-v3
1.0,32,1.0,0.9791666666666666,P,0.9444444444444444,24.97941964455392,synthetic:road-v0
1.0,32,1.0,1.0,P,1.0,27.9271132845788,synthetic:road-v5
1.0,32,1.0,0.9791666666666666,P,0.9444444444444444,31.548395023376322,synthetic:targets-v0
1.0,32,1.0,0.9930555555555556,P,0.9444444444444444,31.569928813382564,synthetic:targets-v7
1.0,40,1.0,0.9583333333333334,B4,0.8888888888888888,32.82072391876563,synthetic:horizon-v0
1.0,40,1.0,0.9722222222222222,B4,0.9444444444444444,34.52237522820433,synthetic:horizon-v3
1.0,40,1.0,0.9444444444444444,B4,0.8888888888888888,27.838776979608795,synthetic:road-v0
1.0,40,1.0,0.9722222222222222,B4,0.9444444444444444,31.478753293474103,synthetic:road-v5
1.0,40,1.0,1.0,B4,1.0,35.64161233921867,synthetic:targets-v0
1.0,40,1.0,1.0,B4,1.0,35.590254533623614,synthetic:targets-v7
1.0,40,1.0,0.9583333333333334,B4t,0.9444444444444444,31.224722771410054,synthetic:horizon-v0
1.0,40,1.0,0.9583333333333334,B4t,0.9444444444444444,32.18226497422275,synthetic:horizon-v3
1.0,40,1.0,0.9166666666666666,B4t,0.8888888888888888,26.338902200624304,synthetic:road-v0
1.0,40,1.0,0.9583333333333334,B4t,0.9444444444444444,29.83685197937135,synthetic:road-v5
1.0,40,1.0,1.0,B4t,1.0,33.76142239352211,synthetic:targets-v0
1.0,40,1.0,1.0,B4t,1.0,33.48347674000502,synthetic:targets-v7
1.0,40,1.0,0.9791666666666666,P,0.9444444444444444,31.865883754734725,synthetic:horizon-v0
1.0,40,1.0,0.96875,P,0.8888888888888888,32.43707185536667,synthetic:horizon-v3
1.0,40,1.0,0.9444444444444444,P,0.8333333333333334,24.22044479151489,synthetic:road-v0
1.0,40,1.0,0.9583333333333334,P,0.8333333333333334,27.181717678444443,synthetic:road-v5
1.0,40,1.0,0.9722222222222222,P,0.8888888888888888,31.517419786160833,synthetic:targets-v0
1.0,40,1.0,0.9756944444444444,P,0.8888888888888888,31.255902600008685,synthetic:targets-v7
1.0,48,1.0,0.9583333333333334,B4,0.8888888888888888,33.12146249347686,synthetic:horizon-v0
1.0,48,1.0,1.0,B4,1.0,35.789760864019705,synthetic:horizon-v3
1.0,48,1.0,0.8888888888888888,B4,0.7777777777777778,26.496692662013785,synthetic:road-v0
1.0,48,1.0,0.9444444444444444,B4,0.8888888888888888,30.743782647524924,synthetic:road-v5
1.0,48,1.0,1.0,B4,1.0,35.64161233921867,synthetic:targets-v0
1.0,48,1.0,1.0,B4,1.0,35.590254533623614,synthetic:targets-v7
1.0,48,1.0,0.9583333333333334,B4t,0.9444444444444444,31.211217773241984,synthetic:horizon-v0
1.0,48,1.0,1.0,B4t,1.0,33.337056475048364,synthetic:horizon-v3
1.0,48,1.0,0.8680555555555556,B4t,0.7777777777777778,25.50729299043084,synthetic:road-v0
1.0,48,1.0,0.9861111111111112,B4t,0.9444444444444444,30.07390956262241,synthetic:road-v5
1.0,48,1.0,1.0,B4t,1.0,33.76142239352211,synthetic:targets-v0
1.0,48,1.0,1.0,B4t,1.0,33.48347674000502,synthetic:targets-v7
1.0,48,1.0,0.9652777777777778,P,0.8888888888888888,31.887298786088675,synthetic:horizon-v0
1.0,48,1.0,0.9861111111111112,P,0.9444444444444444,32.19226855992617,synthetic:horizon-v3
1.0,48,1.0,0.9201388888888888,P,0.7222222222222222,24.060424309975886,synthetic:road-v0
1.0,48,1.0,0.9722222222222222,P,0.8888888888888888,27.54794142349223,synthetic:road-v5
1.0,48,1.0,0.9930555555555556,P,0.9444444444444444,32.12366152503752,synthetic:targets-v0
1.0,48,1.0,1.0,P,1.0,31.566102600427357,synthetic:targets-v7
0.9444444444444444,64,1.0,0.8611111111111112,B4,0.7777777777777778,31.071623813909373,synthetic:horizon-v0
1.0,64,1.0,0.9722222222222222,B4,0.9444444444444444,34.95395439521181,synthetic:horizon-v3
1.0,64,1.0,0.9166666666666666,B4,0.8333333333333334,27.391283137367097,synthetic:road-v0
1.0,64,1.0,0.9444444444444444,B4,0.8888888888888888,30.813056575955695,synthetic:road-v5
1.0,64,1.0,0.9166666666666666,B4,0.8333333333333334,33.58359556970973,synthetic:targets-v0
1.0,64,1.0,0.9722222222222222,B4,0.9444444444444444,34.66344601362905,synthetic:targets-v7
1.0,64,1.0,0.9791666666666666,B4t,0.8333333333333334,32.163844853841084,synthetic:horizon-v0
1.0,64,1.0,1.0,B4t,1.0,33.337056475048364,synthetic:horizon-v3
1.0,64,1.0,0.9791666666666666,B4t,0.8888888888888888,27.163078463916932,synthetic:road-v0
1.0,64,1.0,0.9444444444444444,B4t,0.8888888888888888,29.36948209078825,synthetic:road-v5
1.0,64,1.0,0.9722222222222222,B4t,0.8888888888888888,33.02192646473705,synthetic:targets-v0
1.0,64,1.0,1.0,B4t,1.0,33.48347674000502,synthetic:targets-v7
1.0,64,1.0,0.8715277777777778,P,0.5,31.24829216781223,synthetic:horizon-v0
1.0,64,1.0,0.9791666666666666,P,0.8888888888888888,32.45395518122692,synthetic:horizon-v3
1.0,64,1.0,0.9444444444444444,P,0.7222222222222222,25.01748515703635,synthetic:road-v0
1.0,64,1.0,0.9409722222222222,P,0.8333333333333334,27.085877273479994,synthetic:road-v5
1.0,64,1.0,0.9305555555555556,P,0.7777777777777778,31.257792861146836,synthetic:targets-v0
1.0,64,1.0,0.9479166666666666,P,0.7777777777777778,31.591628300100986,synthetic:targets-v7
1.0,1,2.0,1.0,B4,1.0,34.67519273710227,synthetic:horizon-v0
1.0,1,2.0,1.0,B4,1.0,35.789760864019705,synthetic:horizon-v3
1.0,1,2.0,1.0,B4,1.0,29.240869845747593,synthetic:road-v0
1.0,1,2.0,1.0,B4,1.0,32.19281981642441,synthetic:road-v5
1.0,1,2.0,1.0,B4,1.0,35.64161233921867,synthetic:targets-v0
1.0,1,2.0,1.0,B4,1.0,35.590254533623614,synthetic:targets-v7
1.0,1,2.0,1.0,B4t,1.0,32.427984089747646,synthetic:horizon-v0
1.0,1,2.0,1.0,B4t,1.0,33.337056475048364,synthetic:horizon-v3
1.0,1,2.0,1.0,B4t,1.0,27.793245151823506,synthetic:road-v0
1.0,1,2.0,1.0,B4t,1.0,30.53200082386742,synthetic:road-v5
1.0,1,2.0,1.0,B4t,1.0,33.76142239352211,synthetic:targets-v0
1.0,1,2.0,1.0,B4t,1.0,33.48347674000502,synthetic:targets-v7
1.0,1,2.0,1.0,P,1.0,31.93482725529786,synthetic:horizon-v0
1.0,1,2.0,1.0,P,1.0,32.44442242452049,synthetic:horizon-v3
1.0,1,2.0,1.0,P,1.0,25.45845297911407,synthetic:road-v0
1.0,1,2.0,1.0,P,1.0,27.9271132845788,synthetic:road-v5
1.0,1,2.0,1.0,P,1.0,32.11843983018342,synthetic:targets-v0
1.0,1,2.0,1.0,P,1.0,31.566102600427357,synthetic:targets-v7
1.0,4,2.0,1.0,B4,1.0,34.67519273710227,synthetic:horizon-v0
1.0,4,2.0,1.0,B4,1.0,35.789760864019705,synthetic:horizon-v3
1.0,4,2.0,1.0,B4,1.0,29.240869845747593,synthetic:road-v0
1.0,4,2.0,1.0,B4,1.0,32.19281981642441,synthetic:road-v5
1.0,4,2.0,1.0,B4,1.0,35.64161233921867,synthetic:targets-v0
1.0,4,2.0,1.0,B4,1.0,35.590254533623614,synthetic:targets-v7
1.0,4,2.0,1.0,B4t,1.0,32.427984089747646,synthetic:horizon-v0
1.0,4,2.0,1.0,B4t,1.0,33.337056475048364,synthetic:horizon-v3
1.0,4,2.0,1.0,B4t,1.0,27.793245151823506,synthetic:road-v0
1.0,4,2.0,1.0,B4t,1.0,30.53200082386742,synthetic:road-v5
1.0,4,2.0,1.0,B4t,1.0,33.76142239352211,synthetic:targets-v0
1.0,4,2.0,1.0,B4t,1.0,33.48347674000502,synthetic:targets-v7
1.0,4,2.0,1.0,P,1.0,31.93482725529786,synthetic:horizon-v0
1.0,4,2.0,1.0,P,1.0,32.44442242452049,synthetic:horizon-v3
1.0,4,2.0,1.0,P,1.0,25.45845297911407,synthetic:road-v0
1.0,4,2.0,1.0,P,1.0,27.9271132845788,synthetic:road-v5
1.0,4,2.0,1.0,P,1.0,32.11843983018342,synthetic:targets-v0
1.0,4,2.0,1.0,P,1.0,31.566102600427357,synthetic:targets-v7
1.0,8,2.0,0.9722222222222222,B4,0.9444444444444444,33.43988186525804,synthetic:horizon-v0
1.0,8,2.0,1.0,B4,1.0,35.789760864019705,synthetic:horizon-v3
1.0,8,2.0,1.0,B4,1.0,29.240869845747593,synthetic:road-v0
1.0,8,2.0,0.9722222222222222,B4,0.9444444444444444,31.455919753225903,synthetic:road-v5
1.0,8,2.0,0.9444444444444444,B4,0.8888888888888888,34.15275212783642,synthetic:targets-v0
1.0,8,2.0,0.9722222222222222,B4,0.9444444444444444,34.88162361770076,synthetic:targets-v7
1.0,8,2.0,0.9861111111111112,B4t,0.9444444444444444,32.02191926606887,synthetic:horizon-v0
1.0,8,2.0,1.0,B4t,1.0,33.337056475048364,synthetic:horizon-v3
1.0,8,2.0,1.0,B4t,1.0,27.793245151823506,synthetic:road-v0
1.0,8,2.0,0.9861111111111112,B4t,0.9444444444444444,30.134799733309748,synthetic:road-v5
1.0,8,2.0,0.9444444444444444,B4t,0.8888888888888888,32.72163126349026,synthetic:targets-v0
1.0,8,2.0,0.9861111111111112,B4t,0.9444444444444444,33.02730447439473,synthetic:targets-v7
1.0,8,2.0,0.9791666666666666,P,0.9444444444444444,31.189955374223644,synthetic:horizon-v0
1.0,8,2.0,1.0,P,1.0,32.44442242452049,synthetic:horizon-v3
1.0,8,2.0,1.0,P,1.0,25.45845297911407,synthetic:road-v0
1.0,8,2.0,0.9791666666666666,P,0.9444444444444444,27.530917329786337,synthetic:road-v5
1.0,8,2.0,0.9583333333333334,P,0.8888888888888888,31.104940915631857,synthetic:targets-v0
1.0,8,2.0,0.9513888888888888,P,0.8333333333333334,30.559452730681976,synthetic:targets-v7
1.0,12,2.0,0.9722222222222222,B4,0.9444444444444444,33.51965738768249,synthetic:horizon-v0
1.0,12,2.0,0.9722222222222222,B4,0.9444444444444444,34.52237522820433,synthetic:horizon-v3
1.0,12,2.0,0.9166666666666666,B4,0.8333333333333334,27.311482024886402,synthetic:road-v0
1.0,12,2.0,0.9444444444444444,B4,0.8888888888888888,30.727623005179712,synthetic:road-v5
1.0,12,2.0,0.9444444444444444,B4,0.8888888888888888,34.28483661647905,synthetic:targets-v0
1.0,12,2.0,0.9722222222222222,B4,0.9444444444444444,34.989928184647496,synthetic:targets-v7
1.0,12,2.0,0.9583333333333334,B4t,0.9444444444444444,31.211217773241984,synthetic:horizon-v0
1.0,12,2.0,0.9583333333333334,B4t,0.9444444444444444,32.18226497422275,synthetic:horizon-v3
1.0,12,2.0,0.9027777777777778,B4t,0.8333333333333334,25.901043503429854,synthetic:road-v0
1.0,12,2.0,0.9166666666666666,B4t,0.8888888888888888,29.073964589015006,synthetic:road-v5
1.0,12,2.0,0.9722222222222222,B4t,0.8888888888888888,33.008723715851666,synthetic:targets-v0
1.0,12,2.0,0.9861111111111112,B4t,0.9444444444444444,33.06613653536922,synthetic:targets-v7
1.0,12,2.0,0.9791666666666666,P,0.9444444444444444,31.885571640980704,synthetic:horizon-v0
1.0,12,2.0,0.9652777777777778,P,0.8888888888888888,32.18663829177546,synthetic:horizon-v3
1.0,12,2.0,0.9375,P,0.8333333333333334,24.11405085759858,synthetic:road-v0
1.0,12,2.0,0.9444444444444444,P,0.8333333333333334,26.720670694547294,synthetic:road-v5
1.0,12,2.0,0.9444444444444444,P,0.8333333333333334,30.9511493259191,synthetic:targets-v0
1.0,12,2.0,0.9791666666666666,P,0.9444444444444444,31.1709417950525,synthetic:targets-v7
1.0,16,2.0,1.0,B4,1.0,34.67519273710227,synthetic:horizon-v0
1.0,16,2.0,0.9722222222222222,B4,0.9444444444444444,34.53801265863937,synthetic:horizon-v3
1.0,16,2.0,0.9444444444444444,B4,0.8888888888888888,27.918767910475676,synthetic:road-v0
1.0,16,2.0,0.9722222222222222,B4,0.9444444444444444,31.478753293474103,synthetic:road-v5
1.0,16,2.0,0.9722222222222222,B4,0.9444444444444444,34.973234140818604,synthetic:targets-v0
1.0,16,2.0,0.9444444444444444,B4,0.8888888888888888,33.99486496349114,synthetic:targets-v7
1.0,16,2.0,1.0,B4t,1.0,32.427984089747646,synthetic:horizon-v0
1.0,16,2.0,0.9583333333333334,B4t,0.9444444444444444,32.25089286047107,synthetic:horizon-v3
1.0,16,2.0,0.9166666666666666,B4t,0.8888888888888888,26.33951544266873,synthetic:road-v0
1.0,16,2.0,0.9583333333333334,B4t,0.9444444444444444,29.83685197937135,synthetic:road-v5
1.0,16,2.0,0.9861111111111112,B4t,0.9444444444444444,33.37944195247181,synthetic:targets-v0
1.0,16,2.0,0.9444444444444444,B4t,0.8888888888888888,32.26728116218593,synthetic:targets-v7
1.0,16,2.0,1.0,P,1.0,31.93482725529786,synthetic:horizon-v0
1.0,16,2.0,0.9791666666666666,P,0.9444444444444444,31.66302018325071,synthetic:horizon-v3
1.0,16,2.0,0.9583333333333334,P,0.8888888888888888,24.589640834435237,synthetic:road-v0
1.0,16,2.0,0.9791666666666666,P,0.9444444444444444,27.49958295256259,synthetic:road-v5
1.0,16,2.0,0.9652777777777778,P,0.8888888888888888,31.388372871356506,synthetic:targets-v0
1.0,16,2.0,0.9444444444444444,P,0.8333333333333334,30.300790787969888,synthetic:targets-v7
1.0,20,2.0,0.9722222222222222,B4,0.9444444444444444,33.41135611774609,synthetic:horizon-v0
1.0,20,2.0,1.0,B4,1.0,35.789760864019705,synthetic:horizon-v3
1.0,20,2.0,0.9722222222222222,B4,0.9444444444444444,28.513972892755515,synthetic:road-v0
1.0,20,2.0,0.9722222222222222,B4,0.9444444444444444,31.497861423603517,synthetic:road-v5
1.0,20,2.0,0.9444444444444444,B4,0.8888888888888888,34.27243444268729,synthetic:targets-v0
1.0,20,2.0,0.9722222222222222,B4,0.9444444444444444,34.703495879414,synthetic:targets-v7
1.0,20,2.0,0.9583333333333334,B4t,0.9444444444444444,31.189964706365103,synthetic:horizon-v0
1.0,20,2.0,1.0,B4t,1.0,33.337056475048364,synthetic:horizon-v3
1.0,20,2.0,0.9583333333333334,B4t,0.9444444444444444,27.089064782426178,synthetic:road-v0
1.0,20,2.0,0.9583333333333334,B4t,0.9444444444444444,29.756214197428378,synthetic:road-v5
1.0,20,2.0,0.9722222222222222,B4t,0.8888888888888888,33.0025366084052,synthetic:targets-v0
1.0,20,2.0,0.9583333333333334,B4t,0.9444444444444444,32.72345342779622,synthetic:targets-v7
1.0,20,2.0,0.9791666666666666,P,0.9444444444444444,31.877582198215805,synthetic:horizon-v0
1.0,20,2.0,0.9722222222222222,P,0.8888888888888888,32.00283941793422,synthetic:horizon-v3
1.0,20,2.0,0.9791666666666666,P,0.9444444444444444,24.983757787053783,synthetic:road-v0
1.0,20,2.0,0.9756944444444444,P,0.9444444444444444,27.487950906087942,synthetic:road-v5
1.0,20,2.0,0.9444444444444444,P,0.8333333333333334,30.95593055175775,synthetic:targets-v0
1.0,20,2.0,0.9652777777777778,P,0.8888888888888888,30.657093820019643,synthetic:targets-v7
1.0,24,2.0,0.9166666666666666,B4,0.8333333333333334,31.336426398140695,synthetic:horizon-v0
1.0,24,2.0,0.9444444444444444,B4,0.8888888888888888,34.019678659472675,synthetic:horizon-v3
1.0,24,2.0,0.9444444444444444,B4,0.8888888888888888,27.906269729209484,synthetic:road-v0
1.0,24,2.0,0.9722222222222222,B4,0.9444444444444444,31.455919753225903,synthetic:road-v5
1.0,24,2.0,0.9722222222222222,B4,0.9444444444444444,34.96083196702685,synthetic:targets-v0
1.0,24,2.0,0.9444444444444444,B4,0.8888888888888888,34.33059134434953,synthetic:targets-v7
1.0,24,2.0,0.875,B4t,0.8333333333333334,28.803808029903532,synthetic:horizon-v0
1.0,24,2.0,0.9444444444444444,B4t,0.8888888888888888,31.92392554963014,synthetic:horizon-v3
1.0,24,2.0,0.9444444444444444,B4t,0.8888888888888888,26.650294789690193,synthetic:road-v0
1.0,24,2.0,0.9861111111111112,B4t,0.9444444444444444,30.134799733309755,synthetic:road-v5
1.0,24,2.0,0.9861111111111112,B4t,0.9444444444444444,33.37325484502534,synthetic:targets-v0
1.0,24,2.0,0.9722222222222222,B4t,0.8888888888888888,32.631283600839964,synthetic:targets-v7
1.0,24,2.0,0.9236111111111112,P,0.7777777777777778,31.493594616674702,synthetic:horizon-v0
1.0,24,2.0,0.9548611111111112,P,0.8888888888888888,32.100291107797446,synthetic:horizon-v3
1.0,24,2.0,0.9444444444444444,P,0.8333333333333334,24.261407220804553,synthetic:road-v0
1.0,24,2.0,0.9513888888888888,P,0.8333333333333334,26.94043913353978,synthetic:road-v5
1.0,24,2.0,0.9791666666666666,P,0.9444444444444444,31.681492915571393,synthetic:targets-v0
1.0,24,2.0,0.9583333333333334,P,0.8888888888888888,30.749992062814265,synthetic:targets-v7
1.0,28,2.0,0.9652777777777778,B4,0.8888888888888888,33.332745716124315,synthetic:horizon-v0
1.0,28,2.0,0.9652777777777778,B4,0.8888888888888888,35.00742900208108,synthetic:horizon-v3
1.0,28,2.0,0.9722222222222222,B4,0.9444444444444444,28.565673932600873,synthetic:road-v0
1.0,28,2.0,0.9166666666666666,B4,0.8333333333333334,30.09818930483874,synthetic:road-v5
1.0,28,2.0,1.0,B4,1.0,35.64161233921867,synthetic:targets-v0
1.0,28,2.0,0.9722222222222222,B4,0.9444444444444444,34.885295306967265,synthetic:targets-v7
1.0,28,2.0,0.9861111111111112,B4t,0.9444444444444444,32.146411051360495,synthetic:horizon-v0
1.0,28,2.0,0.9861111111111112,B4t,0.9444444444444444,33.12057084530201,synthetic:horizon-v3
1.0,28,2.0,1.0,B4t,1.0,27.793245151823506,synthetic:road-v0
1.0,28,2.0,0.9722222222222222,B4t,0.8888888888888888,29.632898208913666,synthetic:road-v5
1.0,28,2.0,1.0,B4t,1.0,33.76142239352211,synthetic:targets-v0
1.0,28,2.0,1.0,B4t,1.0,33.48347674000502,synthetic:targets-v7
1.0,28,2.0,0.9791666666666666,P,0.9444444444444444,31.281465310990523,synthetic:horizon-v0
1.0,28,2.0,0.96875,P,0.8888888888888888,31.76933395873833,synthetic:horizon-v3
1.0,28,2.0,0.9722222222222222,P,0.8888888888888888,25.125007196961082,synthetic:road-v0
1.0,28,2.0,0.9583333333333334,P,0.8888888888888888,27.14344659239719,synthetic:road-v5
1.0,28,2.0,0.9756944444444444,P,0.8888888888888888,31.818856061428132,synthetic:targets-v0
1.0,28,2.0,0.9895833333333334,P,0.9444444444444444,31.57272913601946,synthetic:targets-v7
1.0,32,2.0,1.0,B4,1.0,34.67519273710227,synthetic:horizon-v0
1.0,32,2.0,0.9375,B4,0.8333333333333334,33.308026697930714,synthetic:horizon-v3
1.0,32,2.0,0.9444444444444444,B4,0.8888888888888888,27.98801938321496,synthetic:road-v0
1.0,32,2.0,0.8611111111111112,B4,0.7222222222222222,28.667994214495756,synthetic:road-v5
1.0,32,2.0,0.9166666666666666,B4,0.8333333333333334,33.46530258310659,synthetic:targets-v0
1.0,32,2.0,0.8958333333333334,B4,0.7777777777777778,32.78182283785294,synthetic:targets-v7
1.0,32,2.0,1.0,B4t,1.0,32.427984089747646,synthetic:horizon-v0
1.0,32,2.0,0.9722222222222222,B4t,0.8888888888888888,32.47352034446648,synthetic:horizon-v3
1.0,32,2.0,0.9444444444444444,B4t,0.8888888888888888,26.596541600340426,synthetic:road-v0
1.0,32,2.0,0.8888888888888888,B4t,0.7777777777777778,28.121544179415864,synthetic:road-v5
1.0,32,2.0,0.9444444444444444,B4t,0.8888888888888888,32.70315330865407,synthetic:targets-v0
1.0,32,2.0,0.9305555555555556,B4t,0.8333333333333334,31.829403042436347,synthetic:targets-v7
1.0,32,2.0,0.9861111111111112,P,0.9444444444444444,31.60710702145149,synthetic:horizon-v0
1.0,32,2.0,0.9583333333333334,P,0.8333333333333334,31.65132450734729,synthetic:horizon-v3
1.0,32,2.0,0.9340277777777778,P,0.7777777777777778,24.263195339013397,synthetic:road-v0
1.0,32,2.0,0.9027777777777778,P,0.7222222222222222,25.95830444759961,synthetic:road-v5
1.0,32,2.0,0.9375,P,0.7777777777777778,30.806768491489752,synthetic:targets-v0
1.0,32,2.0,0.9270833333333334,P,0.7222222222222222,30.60794839796261,synthetic:targets-v7
1.0,40,2.0,0.9375,B4,0.8333333333333334,31.798665142274572,synthetic:horizon-v0
0.9444444444444444,40,2.0,0.8541666666666666,B4,0.7222222222222222,31.3884333757883,synthetic:horizon-v3
1.0,40,2.0,0.9583333333333334,B4,0.8888888888888888,28.12498030015676,synthetic:road-v0
0.9444444444444444,40,2.0,0.9166666666666666,B4,0.8888888888888888,30.3498029849852,synthetic:road-v5
1.0,40,2.0,0.9166666666666666,B4,0.8333333333333334,33.46665190277868,synthetic:targets-v0
1.0,40,2.0,0.875,B4,0.6666666666666666,31.313744478928445,synthetic:targets-v7
1.0,40,2.0,0.9513888888888888,B4t,0.8888888888888888,30.953065354449652,synthetic:horizon-v0
1.0,40,2.0,0.8819444444444444,B4t,0.7777777777777778,30.53292996072996,synthetic:horizon-v3
1.0,40,2.0,0.9583333333333334,B4t,0.9444444444444444,27.043082570021635,synthetic:road-v0
0.9444444444444444,40,2.0,0.9444444444444444,B4t,0.9444444444444444,29.449814257897913,synthetic:road-v5
1.0,40,2.0,0.9444444444444444,B4t,0.8888888888888888,32.72666395166947,synthetic:targets-v0
1.0,40,2.0,0.8611111111111112,B4t,0.7777777777777778,30.68240048985529,synthetic:targets-v7
1.0,40,2.0,0.9305555555555556,P,0.6666666666666666,31.426988763541985,synthetic:horizon-v0
1.0,40,2.0,0.9097222222222222,P,0.6666666666666666,30.62619295321487,synthetic:horizon-v3
1.0,40,2.0,0.9375,P,0.7222222222222222,24.94572781867222,synthetic:road-v0
1.0,40,2.0,0.9375,P,0.8333333333333334,27.380045191581733,synthetic:road-v5
1.0,40,2.0,0.8958333333333334,P,0.6666666666666666,30.19590834247683,synthetic:targets-v0
1.0,40,2.0,0.8923611111111112,P,0.6666666666666666,28.94573536228963,synthetic:targets-v7
1.0,48,2.0,0.8611111111111112,B4,0.7222222222222222,28.719492139418815,synthetic:horizon-v0
1.0,48,2.0,1.0,B4,1.0,35.789760864019705,synthetic:horizon-v3
1.0,48,2.0,0.8611111111111112,B4,0.7222222222222222,25.925037991637332,synthetic:road-v0
1.0,48,2.0,0.8541666666666666,B4,0.6666666666666666,28.27645675846666,synthetic:road-v5
1.0,48,2.0,0.9930555555555556,B4,0.9444444444444444,35.25662176835335,synthetic:targets-v0
1.0,48,2.0,0.9722222222222222,B4,0.9444444444444444,34.69018374857625,synthetic:targets-v7
1.0,48,2.0,0.9305555555555556,B4t,0.7777777777777778,30.878409881078237,synthetic:horizon-v0
1.0,48,2.0,1.0,B4t,1.0,33.337056475048364,synthetic:horizon-v3
1.0,48,2.0,0.9097222222222222,B4t,0.8333333333333334,26.199403774532648,synthetic:road-v0
1.0,48,2.0,0.9444444444444444,B4t,0.8888888888888888,29.345476371278014,synthetic:road-v5
1.0,48,2.0,1.0,B4t,1.0,33.76142239352211,synthetic:targets-v0
1.0,48,2.0,1.0,B4t,1.0,33.48347674000502,synthetic:targets-v7
1.0,48,2.0,0.8819444444444444,P,0.6111111111111112,30.221073321362965,synthetic:horizon-v0
1.0,48,2.0,0.9791666666666666,P,0.8888888888888888,32.259422422742105,synthetic:horizon-v3
1.0,48,2.0,0.9131944444444444,P,0.7222222222222222,24.49241673005216,synthetic:road-v0
1.0,48,2.0,0.9166666666666666,P,0.5555555555555556,27.22581920339255,synthetic:road-v5
1.0,48,2.0,0.9583333333333334,P,0.7777777777777778,31.829151359859353,synthetic:targets-v0
1.0,48,2.0,0.9444444444444444,P,0.7222222222222222,31.273878096513936,synthetic:targets-v7
0.8888888888888888,64,2.0,0.75,B4,0.6111111111111112,28.144592924351464,synthetic:horizon-v0
0.9444444444444444,64,2.0,0.7638888888888888,B4,0.6666666666666666,30.077203475606552,synthetic:horizon-v3
0.9444444444444444,64,2.0,0.7777777777777778,B4,0.6111111111111112,24.61331671532933,synthetic:road-v0
1.0,64,2.0,0.9444444444444444,B4,0.8888888888888888,30.72012814402222,synthetic:road-v5
0.9444444444444444,64,2.0,0.8194444444444444,B4,0.6666666666666666,31.19644010399001,synthetic:targets-v0
0.8888888888888888,64,2.0,0.7152777777777778,B4,0.5,29.068487800466542,synthetic:targets-v7
1.0,64,2.0,0.875,B4t,0.6666666666666666,29.43654216669659,synthetic:horizon-v0
1.0,64,2.0,0.9861111111111112,B4t,0.9444444444444444,33.078717050455765,synthetic:horizon-v3
1.0,64,2.0,0.875,B4t,0.6666666666666666,25.315720968661523,synthetic:road-v0
1.0,64,2.0,0.9861111111111112,B4t,0.9444444444444444,30.07390956262241,synthetic:road-v5
1.0,64,2.0,0.8611111111111112,B4t,0.6666666666666666,31.202829290259874,synthetic:targets-v0
1.0,64,2.0,0.8888888888888888,B4t,0.7777777777777778,31.120812308735758,synthetic:targets-v7
1.0,64,2.0,0.7638888888888888,P,0.2777777777777778,30.391505141673594,synthetic:horizon-v0
1.0,64,2.0,0.8680555555555556,P,0.4444444444444444,32.03087907547133,synthetic:horizon-v3
1.0,64,2.0,0.7673611111111112,P,0.2777777777777778,23.47967660996266,synthetic:road-v0
1.0,64,2.0,0.90625,P,0.6111111111111112,27.216448401448773,synthetic:road-v5
1.0,64,2.0,0.7847222222222222,P,0.2222222222222222,30.625562862523502,synthetic:targets-v0
1.0,64,2.0,0.8472222222222222,P,0.4444444444444444,30.82912682369656,synthetic:targets-v7
1.0,1,4.0,1.0,B4,1.0,34.67519273710227,synthetic:horizon-v0
1.0,1,4.0,1.0,B4,1.0,35.789760864019705,synthetic:horizon-v3
1.0,1,4.0,1.0,B4,1.0,29.240869845747593,synthetic:road-v0
1.0,1,4.0,1.0,B4,1.0,32.19281981642441,synthetic:road-v5
1.0,1,4.0,1.0,B4,1.0,35.64161233921867,synthetic:targets-v0
1.0,1,4.0,1.0,B4,1.0,35.590254533623614,synthetic:targets-v7
1.0,1,4.0,1.0,B4t,1.0,32.427984089747646,synthetic:horizon-v0
1.0,1,4.0,1.0,B4t,1.0,33.337056475048364,synthetic:horizon-v3
1.0,1,4.0,1.0,B4t,1.0,27.793245151823506,synthetic:road-v0
1.0,1,4.0,1.0,B4t,1.0,30.53200082386742,synthetic:road-v5
1.0,1,4.0,1.0,B4t,1.0,33.76142239352211,synthetic:targets-v0
1.0,1,4.0,1.0,B4t,1.0,33.48347674000502,synthetic:targets-v7
1.0,1,4.0,1.0,P,1.0,31.93482725529786,synthetic:horizon-v0
1.0,1,4.0,1.0,P,1.0,32.44442242452049,synthetic:horizon-v3
1.0,1,4.0,1.0,P,1.0,25.45845297911407,synthetic:road-v0
1.0,1,4.0,1.0,P,1.0,27.9271132845788,synthetic:road-v5
1.0,1,4.0,1.0,P,1.0,32.11843983018342,synthetic:targets-v0
1.0,1,4.0,1.0,P,1.0,31.566102600427357,synthetic:targets-v7
1.0,4,4.0,0.9722222222222222,B4,0.9444444444444444,33.558107388204796,synthetic:horizon-v0
1.0,4,4.0,1.0,B4,1.0,35.789760864019705,synthetic:horizon-v3
1.0,4,4.0,1.0,B4,1.0,29.240869845747593,synthetic:road-v0
1.0,4,4.0,0.9722222222222222,B4,0.9444444444444444,31.46534403163272,synthetic:road-v5
1.0,4,4.0,0.9722222222222222,B4,0.9444444444444444,34.9637650588499,synthetic:targets-v0
1.0,4,4.0,1.0,B4,1.0,35.590254533623614,synthetic:targets-v7
1.0,4,4.0,0.9583333333333334,B4t,0.9444444444444444,31.219264593428857,synthetic:horizon-v0
1.0,4,4.0,1.0,B4t,1.0,33.337056475048364,synthetic:horizon-v3
1.0,4,4.0,1.0,B4t,1.0,27.793245151823506,synthetic:road-v0
1.0,4,4.0,0.9583333333333334,B4t,0.9444444444444444,29.79547196838544,synthetic:road-v5
1.0,4,4.0,0.9861111111111112,B4t,0.9444444444444444,33.40176945472098,synthetic:targets-v0
1.0,4,4.0,0.9861111111111112,B4t,0.9444444444444444,33.019257174118785,synthetic:targets-v7
1.0,4,4.0,0.9652777777777778,P,0.8888888888888888,31.539909649763544,synthetic:horizon-v0
1.0,4,4.0,1.0,P,1.0,32.44442242452049,synthetic:horizon-v3
1.0,4,4.0,0.9861111111111112,P,0.9444444444444444,25.14149142404175,synthetic:road-v0
1.0,4,4.0,0.9791666666666666,P,0.9444444444444444,27.47498097238687,synthetic:road-v5
1.0,4,4.0,0.9791666666666666,P,0.9444444444444444,31.66647441408455,synthetic:targets-v0
1.0,4,4.0,1.0,P,1.0,31.566102600427357,synthetic:targets-v7
1.0,8,4.0,0.9722222222222222,B4,0.9444444444444444,33.51965738768249,synthetic:horizon-v0
1.0,8,4.0,0.8611111111111112,B4,0.7222222222222222,30.39215870111628,synthetic:horizon-v3
1.0,8,4.0,0.9722222222222222,B4,0.9444444444444444,28.663215296361685,synthetic:road-v0
1.0,8,4.0,0.9722222222222222,B4,0.9444444444444444,31.47520216480363,synthetic:road-v5
1.0,8,4.0,0.9444444444444444,B4,0.8888888888888888,34.12805286977314,synthetic:targets-v0
1.0,8,4.0,0.9444444444444444,B4,0.8888888888888888,33.98758650013,synthetic:targets-v7
1.0,8,4.0,0.9583333333333334,B4t,0.9444444444444444,31.211217773241984,synthetic:horizon-v0
1.0,8,4.0,0.8194444444444444,B4t,0.7222222222222222,28.83018449224406,synthetic:horizon-v3
1.0,8,4.0,0.9861111111111112,B4t,0.9444444444444444,27.346704182142293,synthetic:road-v0
1.0,8,4.0,0.9861111111111112,B4t,0.9444444444444444,30.148895201284095,synthetic:road-v5
1.0,8,4.0,0.9444444444444444,B4t,0.8888888888888888,32.71695203986684,synthetic:targets-v0
1.0,8,4.0,0.9444444444444444,B4t,0.8888888888888888,32.23164044675953,synthetic:targets-v7
1.0,8,4.0,0.9652777777777778,P,0.8888888888888888,31.557851407134333,synthetic:horizon-v0
1.0,8,4.0,0.8819444444444444,P,0.7222222222222222,28.69195191855784,synthetic:horizon-v3
1.0,8,4.0,0.9652777777777778,P,0.8888888888888888,24.789476572257236,synthetic:road-v0
1.0,8,4.0,0.9791666666666666,P,0.9444444444444444,27.523660223759634,synthetic:road-v5
1.0,8,4.0,0.9583333333333334,P,0.8888888888888888,31.097155695376255,synthetic:targets-v0
1.0,8,4.0,0.9444444444444444,P,0.8333333333333334,30.273730515946664,synthetic:targets-v7
1.0,12,4.0,0.9444444444444444,B4,0.8888888888888888,32.17604524590185,synthetic:horizon-v0
1.0,12,4.0,0.9722222222222222,B4,0.9444444444444444,34.52237522820433,synthetic:horizon-v3
1.0,12,4.0,0.9722222222222222,B4,0.9444444444444444,28.607738736132553,synthetic:road-v0
1.0,12,4.0,0.9444444444444444,B4,0.8888888888888888,30.69119629237052,synthetic:road-v5
1.0,12,4.0,0.9444444444444444,B4,0.8888888888888888,34.13574228859764,synthetic:targets-v0
0.9444444444444444,12,4.0,0.9166666666666666,B4,0.8888888888888888,33.79864163332623,synthetic:targets-v7
1.0,12,4.0,0.9444444444444444,B4t,0.8888888888888888,30.783899882686327,synthetic:horizon-v0
1.0,12,4.0,0.9583333333333334,B4t,0.9444444444444444,32.18226497422275,synthetic:horizon-v3
1.0,12,4.0,0.9861111111111112,B4t,0.9444444444444444,27.362789030584505,synthetic:road-v0
1.0,12,4.0,0.9722222222222222,B4t,0.8888888888888888,29.742758955419863,synthetic:road-v5
1.0,12,4.0,0.9444444444444444,B4t,0.8888888888888888,32.72472340721426,synthetic:targets-v0
0.9444444444444444,12,4.0,0.9305555555555556,B4t,0.8888888888888888,32.03303181414076,synthetic:targets-v7
1.0,12,4.0,0.9583333333333334,P,0.8888888888888888,31.13271031714158,synthetic:horizon-v0
1.0,12,4.0,0.9791666666666666,P,0.9444444444444444,32.4264097441992,synthetic:horizon-v3
1.0,12,4.0,0.9513888888888888,P,0.8333333333333334,24.45322807746161,synthetic:road-v0
1.0,12,4.0,0.9444444444444444,P,0.8333333333333334,26.886745651173186,synthetic:road-v5
1.0,12,4.0,0.8888888888888888,P,0.6111111111111112,29.605614175903284,synthetic:targets-v0
1.0,12,4.0,0.9340277777777778,P,0.8333333333333334,30.45856780545654,synthetic:targets-v7
0.9444444444444444,16,4.0,0.9444444444444444,B4,0.9444444444444444,33.5039841508446,synthetic:horizon-v0
0.9444444444444444,16,4.0,0.9444444444444444,B4,0.9444444444444444,34.654999795218224,synthetic:horizon-v3
1.0,16,4.0,0.9652777777777778,B4,0.8888888888888888,28.510208517909476,synthetic:road-v0
1.0,16,4.0,0.9166666666666666,B4,0.8333333333333334,30.02166213704328,synthetic:road-v5
1.0,16,4.0,0.9722222222222222,B4,0.9444444444444444,34.807385218318565,synthetic:targets-v0
1.0,16,4.0,1.0,B4,1.0,35.590254533623614,synthetic:targets-v7
0.9444444444444444,16,4.0,0.9444444444444444,B4t,0.9444444444444444,31.38998659714313,synthetic:horizon-v0
0.9444444444444444,16,4.0,0.9444444444444444,B4t,0.9444444444444444,32.331880243043784,synthetic:horizon-v3
1.0,16,4.0,0.9861111111111112,B4t,0.9444444444444444,27.35712985259827,synthetic:road-v0
1.0,16,4.0,0.875,B4t,0.8333333333333334,28.202091701777828,synthetic:road-v5
1.0,16,4.0,0.9583333333333334,B4t,0.9444444444444444,33.09759101526495,synthetic:targets-v0
1.0,16,4.0,1.0,B4t,1.0,33.48347674000502,synthetic:targets-v7
1.0,16,4.0,0.9340277777777778,P,0.8333333333333334,30.427464468422322,synthetic:horizon-v0
1.0,16,4.0,0.9583333333333334,P,0.9444444444444444,31.500494802179276,synthetic:horizon-v3
1.0,16,4.0,0.9618055555555556,P,0.8888888888888888,24.69420274963678,synthetic:road-v0
1.0,16,4.0,0.9097222222222222,P,0.7777777777777778,26.26295456385997,synthetic:road-v5
1.0,16,4.0,0.9791666666666666,P,0.9444444444444444,31.558480269261015,synthetic:targets-v0
1.0,16,4.0,0.9861111111111112,P,0.9444444444444444,31.223275616709095,synthetic:targets-v7
1.0,20,4.0,0.8611111111111112,B4,0.7222222222222222,28.96537953023054,synthetic:horizon-v0
1.0,20,4.0,0.9444444444444444,B4,0.8888888888888888,34.09892449147527,synthetic:horizon-v3
1.0,20,4.0,0.9166666666666666,B4,0.8333333333333334,27.328615179823576,synthetic:road-v0
1.0,20,4.0,0.9444444444444444,B4,0.8888888888888888,30.855819209587814,synthetic:road-v5
1.0,20,4.0,0.9444444444444444,B4,0.8888888888888888,34.275367534510345,synthetic:targets-v0
1.0,20,4.0,0.9375,B4,0.8333333333333334,33.273951565117834,synthetic:targets-v7
1.0,20,4.0,0.8611111111111112,B4t,0.7777777777777778,28.427043093288507,synthetic:horizon-v0
1.0,20,4.0,0.9861111111111112,B4t,0.9444444444444444,33.043535885516405,synthetic:horizon-v3
1.0,20,4.0,0.9305555555555556,B4t,0.8333333333333334,26.203753820008984,synthetic:road-v0
1.0,20,4.0,0.9444444444444444,B4t,0.8888888888888888,29.31520284371964,synthetic:road-v5
1.0,20,4.0,0.9722222222222222,B4t,0.8888888888888888,33.031051218100835,synthetic:targets-v0
1.0,20,4.0,0.9583333333333334,B4t,0.9444444444444444,32.72345342779622,synthetic:targets-v7
1.0,20,4.0,0.8923611111111112,P,0.7222222222222222,30.807145834522316,synthetic:horizon-v0
1.0,20,4.0,0.9548611111111112,P,0.8333333333333334,31.40733956956669,synthetic:horizon-v3
1.0,20,4.0,0.9201388888888888,P,0.7777777777777778,23.87272668740015,synthetic:road-v0
1.0,20,4.0,0.9444444444444444,P,0.8888888888888888,27.076037150938102,synthetic:road-v5
1.0,20,4.0,0.9340277777777778,P,0.7777777777777778,30.934338840520752,synthetic:targets-v0
1.0,20,4.0,0.9513888888888888,P,0.8333333333333334,30.29241111595441,synthetic:targets-v7
1.0,24,4.0,0.8333333333333334,B4,0.6666666666666666,28.46818876922123,synthetic:horizon-v0
1.0,24,4.0,0.8611111111111112,B4,0.7222222222222222,32.31264462765521,synthetic:horizon-v3
0.9444444444444444,24,4.0,0.8888888888888888,B4,0.8333333333333334,27.10771573706586,synthetic:road-v0
0.9444444444444444,24,4.0,0.8541666666666666,B4,0.7222222222222222,28.561159326906598,synthetic:road-v5
1.0,24,4.0,0.9166666666666666,B4,0.8333333333333334,33.31058034349167,synthetic:targets-v0
1.0,24,4.0,0.9305555555555556,B4,0.8333333333333334,33.455002860058,synthetic:targets-v7
1.0,24,4.0,0.9305555555555556,B4t,0.8333333333333334,30.718785451461983,synthetic:horizon-v0
1.0,24,4.0,0.9444444444444444,B4t,0.8888888888888888,32.07837745662707,synthetic:horizon-v3
1.0,24,4.0,0.9375,B4t,0.8888888888888888,26.594961474772287,synthetic:road-v0
0.9444444444444444,24,4.0,0.8611111111111112,B4t,0.8333333333333334,28.03904887659153,synthetic:road-v5
1.0,24,4.0,0.9166666666666666,B4t,0.8888888888888888,32.421620736578866,synthetic:targets-v0
1.0,24,4.0,0.9444444444444444,B4t,0.8888888888888888,32.32962486423224,synthetic:targets-v7
1.0,24,4.0,0.8958333333333334,P,0.7222222222222222,30.09501993960581,synthetic:horizon-v0
1.0,24,4.0,0.8888888888888888,P,0.5555555555555556,30.329275337404155,synthetic:horizon-v3
1.0,24,4.0,0.8819444444444444,P,0.5555555555555556,23.654064260910907,synthetic:road-v0
1.0,24,4.0,0.8715277777777778,P,0.6666666666666666,25.860475393386864,synthetic:road-v5
1.0,24,4.0,0.9270833333333334,P,0.7777777777777778,30.989191523781457,synthetic:targets-v0
1.0,24,4.0,0.9583333333333334,P,0.8888888888888888,30.579610089566543,synthetic:targets-v7
0.8888888888888888,28,4.0,0.7847222222222222,B4,0.7222222222222222,29.59590390386422,synthetic:horizon-v0
1.0,28,4.0,0.8472222222222222,B4,0.6666666666666666,30.818469418080504,synthetic:horizon-v3
1.0,28,4.0,0.9444444444444444,B4,0.8888888888888888,27.98801938321496,synthetic:road-v0
1.0,28,4.0,0.9027777777777778,B4,0.7222222222222222,29.443629048737282,synthetic:road-v5
1.0,28,4.0,0.8333333333333334,B4,0.6666666666666666,30.837007113303507,synthetic:targets-v0
1.0,28,4.0,0.8888888888888888,B4,0.7777777777777778,32.634240585803326,synthetic:targets-v7
0.9444444444444444,28,4.0,0.8819444444444444,B4t,0.7777777777777778,29.729911800771774,synthetic:horizon-v0
1.0,28,4.0,0.9305555555555556,B4t,0.8333333333333334,31.4854892539415,synthetic:horizon-v3
1.0,28,4.0,1.0,B4t,1.0,27.793245151823506,synthetic:road-v0
1.0,28,4.0,0.9861111111111112,B4t,0.9444444444444444,30.134799733309748,synthetic:road-v5
1.0,28,4.0,0.8680555555555556,B4t,0.7777777777777778,31.480621098348657,synthetic:targets-v0
1.0,28,4.0,0.9861111111111112,B4t,0.9444444444444444,33.04862380547577,synthetic:targets-v7
1.0,28,4.0,0.8472222222222222,P,0.5555555555555556,29.297411359618494,synthetic:horizon-v0
1.0,28,4.0,0.9131944444444444,P,0.6666666666666666,30.797880612494858,synthetic:horizon-v3
1.0,28,4.0,0.9652777777777778,P,0.8333333333333334,25.11174476692296,synthetic:road-v0
1.0,28,4.0,0.8958333333333334,P,0.5555555555555556,26.994692958045423,synthetic:road-v5
1.0,28,4.0,0.8888888888888888,P,0.6111111111111112,31.000447189419567,synthetic:targets-v0
1.0,28,4.0,0.8784722222222222,P,0.5555555555555556,30.13255542027859,synthetic:targets-v7
0.9444444444444444,32,4.0,0.7777777777777778,B4,0.6111111111111112,26.522645760449223,synthetic:horizon-v0
0.9444444444444444,32,4.0,0.7638888888888888,B4,0.5555555555555556,28.206437881828606,synthetic:horizon-v3
1.0,32,4.0,0.7222222222222222,B4,0.4444444444444444,22.99624526267185,synthetic:road-v0
0.9444444444444444,32,4.0,0.8958333333333334,B4,0.7777777777777778,29.61021890071185,synthetic:road-v5
1.0,32,4.0,0.8125,B4,0.6111111111111112,30.94130448104643,synthetic:targets-v0
0.8888888888888888,32,4.0,0.6597222222222222,B4,0.3888888888888889,26.6566366351996,synthetic:targets-v7
1.0,32,4.0,0.9375,B4t,0.8333333333333334,30.532950546391426,synthetic:horizon-v0
1.0,32,4.0,0.9097222222222222,B4t,0.7222222222222222,30.802676280794817,synthetic:horizon-v3
1.0,32,4.0,0.9166666666666666,B4t,0.8888888888888888,26.292919988219765,synthetic:road-v0
1.0,32,4.0,0.9652777777777778,B4t,0.9444444444444444,29.867267069037787,synthetic:road-v5
1.0,32,4.0,0.9652777777777778,B4t,0.8333333333333334,32.86542602142455,synthetic:targets-v0
1.0,32,4.0,0.8888888888888888,B4t,0.7222222222222222,31.067976917171954,synthetic:targets-v7
1.0,32,4.0,0.8888888888888888,P,0.5555555555555556,31.82535772245712,synthetic:horizon-v0
1.0,32,4.0,0.8576388888888888,P,0.5555555555555556,30.986645983383724,synthetic:horizon-v3
1.0,32,4.0,0.8611111111111112,P,0.4444444444444444,23.840640249212278,synthetic:road-v0
1.0,32,4.0,0.9409722222222222,P,0.7222222222222222,27.33152997758542,synthetic:road-v5
1.0,32,4.0,0.8645833333333334,P,0.3888888888888889,30.795367221975862,synthetic:targets-v0
1.0,32,4.0,0.8229166666666666,P,0.3888888888888889,30.061168559989206,synthetic:targets-v7
1.0,40,4.0,0.7222222222222222,B4,0.5,24.991216984122858,synthetic:horizon-v0
0.9444444444444444,40,4.0,0.7013888888888888,B4,0.4444444444444444,27.425314177069165,synthetic:horizon-v3
0.8888888888888888,40,4.0,0.7569444444444444,B4,0.6111111111111112,24.49972951658732,synthetic:road-v0
0.8333333333333334,40,4.0,0.5555555555555556,B4,0.2777777777777778,21.583871370558015,synthetic:road-v5
0.9444444444444444,40,4.0,0.6388888888888888,B4,0.2777777777777778,26.726172395461887,synthetic:targets-v0
0.8333333333333334,40,4.0,0.5277777777777778,B4,0.2777777777777778,24.54816608757426,synthetic:targets-v7
1.0,40,4.0,0.9097222222222222,B4t,0.7222222222222222,30.182190053509473,synthetic:horizon-v0
0.9444444444444444,40,4.0,0.8402777777777778,B4t,0.6666666666666666,29.684414862114775,synthetic:horizon-v3
1.0,40,4.0,0.9722222222222222,B4t,0.8888888888888888,26.963904904548393,synthetic:road-v0
1.0,40,4.0,0.8819444444444444,B4t,0.6111111111111112,27.63294610673542,synthetic:road-v5
1.0,40,4.0,0.9305555555555556,B4t,0.7777777777777778,32.186974772164334,synthetic:targets-v0
1.0,40,4.0,0.8958333333333334,B4t,0.6666666666666666,31.003729060895417,synthetic:targets-v7
1.0,40,4.0,0.8229166666666666,P,0.3333333333333333,30.294596866510176,synthetic:horizon-v0
1.0,40,4.0,0.7673611111111112,P,0.05555555555555555,30.8733486458158,synthetic:horizon-v3
1.0,40,4.0,0.8090277777777778,P,0.3333333333333333,24.398766753464265,synthetic:road-v0
1.0,40,4.0,0.7048611111111112,P,0.2222222222222222,24.834911485760884,synthetic:road-v5
1.0,40,4.0,0.7534722222222222,P,0.2777777777777778,30.848434491966074,synthetic:targets-v0
1.0,40,4.0,0.7881944444444444,P,0.3333333333333333,30.323745718092386,synthetic:targets-v7
0.8888888888888888,48,4.0,0.6458333333333334,B4,0.3888888888888889,22.076577340262013,synthetic:horizon-v0
0.9444444444444444,48,4.0,0.5972222222222222,B4,0.2222222222222222,24.285920891462325,synthetic:horizon-v3
0.7777777777777778,48,4.0,0.5069444444444444,B4,0.2222222222222222,19.901559928661918,synthetic:road-v0
0.7777777777777778,48,4.0,0.5069444444444444,B4,0.2777777777777778,20.880333366325985,synthetic:road-v5
0.9444444444444444,48,4.0,0.7013888888888888,B4,0.4444444444444444,27.839966718678273,synthetic:targets-v0
0.8333333333333334,48,4.0,0.5277777777777778,B4,0.2222222222222222,23.24895679769466,synthetic:targets-v7
1.0,48,4.0,0.7569444444444444,B4t,0.4444444444444444,26.368447126342364,synthetic:horizon-v0
1.0,48,4.0,0.875,B4t,0.7222222222222222,30.378994254976785,synthetic:horizon-v3
0.9444444444444444,48,4.0,0.7152777777777778,B4t,0.4444444444444444,22.294983530996685,synthetic:road-v0
0.9444444444444444,48,4.0,0.6458333333333334,B4t,0.3333333333333333,23.690674882727045,synthetic:road-v5
1.0,48,4.0,0.8680555555555556,B4t,0.7777777777777778,31.30006290554908,synthetic:targets-v0
1.0,48,4.0,0.7430555555555556,B4t,0.5,27.707010847235594,synthetic:targets-v7
1.0,48,4.0,0.7638888888888888,P,0.2777777777777778,29.550323941516506,synthetic:horizon-v0
1.0,48,4.0,0.8090277777777778,P,0.3333333333333333,30.268307207880216,synthetic:horizon-v3
1.0,48,4.0,0.71875,P,0.1111111111111111,24.36517572639356,synthetic:road-v0
1.0,48,4.0,0.6875,P,0.2222222222222222,24.640789530647638,synthetic:road-v5
1.0,48,4.0,0.7951388888888888,P,0.3333333333333333,30.55710371373775,synthetic:targets-v0
1.0,48,4.0,0.7256944444444444,P,0.2222222222222222,28.966224589068506,synthetic:targets-v7
0.5555555555555556,64,4.0,0.3472222222222222,B4,0.16666666666666666,18.320149502295873,synthetic:horizon-v0
0.6111111111111112,64,4.0,0.4027777777777778,B4,0.16666666666666666,22.40723309224624,synthetic:horizon-v3
0.5,64,4.0,0.2916666666666667,B4,0.1111111111111111,17.13189029341042,synthetic:road-v0
0.8333333333333334,64,4.0,0.4652777777777778,B4,0.16666666666666666,19.758366930817104,synthetic:road-v5
0.6111111111111112,64,4.0,0.3888888888888889,B4,0.16666666666666666,22.41133884766041,synthetic:targets-v0
0.6111111111111112,64,4.0,0.4305555555555556,B4,0.2222222222222222,22.7218154886134,synthetic:targets-v7
0.8888888888888888,64,4.0,0.6388888888888888,B4t,0.3888888888888889,24.449976477897916,synthetic:horizon-v0
0.8888888888888888,64,4.0,0.6597222222222222,B4t,0.3333333333333333,26.531062247356758,synthetic:horizon-v3
0.8888888888888888,64,4.0,0.6111111111111112,B4t,0.2222222222222222,20.68337188547959,synthetic:road-v0
1.0,64,4.0,0.7777777777777778,B4t,0.4444444444444444,25.892208176890975,synthetic:road-v5
0.9444444444444444,64,4.0,0.5277777777777778,B4t,0.16666666666666666,25.18781068791455,synthetic:targets-v0
1.0,64,4.0,0.6666666666666666,B4t,0.3333333333333333,26.14406387172134,synthetic:targets-v7
0.9444444444444444,64,4.0,0.5277777777777778,P,0.0,26.325488133742642,synthetic:horizon-v0
1.0,64,4.0,0.6319444444444444,P,0.1111111111111111,28.11606298307518,synthetic:horizon-v3
1.0,64,4.0,0.5555555555555556,P,0.0,21.932062329547374,synthetic:road-v0
1.0,64,4.0,0.59375,P,0.0,24.754247398617775,synthetic:road-v5
0.9444444444444444,64,4.0,0.5138888888888888,P,0.0,27.525711379761457,synthetic:targets-v0
1.0,64,4.0,0.5277777777777778,P,0.05555555555555555,25.983725869808517,synthetic:targets-v7
1.0,1,8.0,1.0,B4,1.0,34.67519273710227,synthetic:horizon-v0
1.0,1,8.0,1.0,B4,1.0,35.789760864019705,synthetic:horizon-v3
1.0,1,8.0,1.0,B4,1.0,29.240869845747593,synthetic:road-v0
1.0,1,8.0,1.0,B4,1.0,32.19281981642441,synthetic:road-v5
1.0,1,8.0,0.9722222222222222,B4,0.9444444444444444,34.96083196702685,synthetic:targets-v0
1.0,1,8.0,1.0,B4,1.0,35.590254533623614,synthetic:targets-v7
1.0,1,8.0,1.0,B4t,1.0,32.427984089747646,synthetic:horizon-v0
1.0,1,8.0,1.0,B4t,1.0,33.337056475048364,synthetic:horizon-v3
1.0,1,8.0,1.0,B4t,1.0,27.793245151823506,synthetic:road-v0
1.0,1,8.0,1.0,B4t,1.0,30.53200082386742,synthetic:road-v5
1.0,1,8.0,0.9861111111111112,B4t,0.9444444444444444,33.37325484502534,synthetic:targets-v0
1.0,1,8.0,1.0,B4t,1.0,33.48347674000502,synthetic:targets-v7
1.0,1,8.0,1.0,P,1.0,31.93482725529786,synthetic:horizon-v0
1.0,1,8.0,1.0,P,1.0,32.44442242452049,synthetic:horizon-v3
1.0,1,8.0,0.9722222222222222,P,0.8888888888888888,24.86691937389397,synthetic:road-v0
1.0,1,8.0,1.0,P,1.0,27.9271132845788,synthetic:road-v5
1.0,1,8.0,0.9791666666666666,P,0.9444444444444444,31.681492915571393,synthetic:targets-v0
1.0,1,8.0,1.0,P,1.0,31.566102600427357,synthetic:targets-v7
1.0,4,8.0,1.0,B4,1.0,34.67519273710227,synthetic:horizon-v0
1.0,4,8.0,0.9722222222222222,B4,0.9444444444444444,35.28706429528805,synthetic:horizon-v3
1.0,4,8.0,0.9166666666666666,B4,0.8333333333333334,27.234517238616732,synthetic:road-v0
1.0,4,8.0,0.9722222222222222,B4,0.9444444444444444,31.497861423603524,synthetic:road-v5
1.0,4,8.0,0.9166666666666666,B4,0.8333333333333334,33.285182447487216,synthetic:targets-v0
1.0,4,8.0,0.9444444444444444,B4,0.8888888888888888,34.030846908278285,synthetic:targets-v7
1.0,4,8.0,1.0,B4t,1.0,32.427984089747646,synthetic:horizon-v0
1.0,4,8.0,0.9861111111111112,B4t,0.9444444444444444,33.078717050455765,synthetic:horizon-v3
1.0,4,8.0,0.9027777777777778,B4t,0.8333333333333334,25.943328094987773,synthetic:road-v0
1.0,4,8.0,0.9583333333333334,B4t,0.9444444444444444,29.756214197428378,synthetic:road-v5
1.0,4,8.0,0.9027777777777778,B4t,0.8333333333333334,32.04678171327516,synthetic:targets-v0
1.0,4,8.0,0.9444444444444444,B4t,0.8888888888888888,32.2123057743694,synthetic:targets-v7
1.0,4,8.0,1.0,P,1.0,31.93482725529786,synthetic:horizon-v0
1.0,4,8.0,0.9791666666666666,P,0.9444444444444444,32.11516887438354,synthetic:horizon-v3
1.0,4,8.0,0.9236111111111112,P,0.7777777777777778,23.838061609970072,synthetic:road-v0
1.0,4,8.0,0.9652777777777778,P,0.8888888888888888,27.211934342130814,synthetic:road-v5
1.0,4,8.0,0.9097222222222222,P,0.7222222222222222,29.9092087486547,synthetic:targets-v0
1.0,4,8.0,0.9444444444444444,P,0.8333333333333334,30.250032333675,synthetic:targets-v7
1.0,8,8.0,0.8611111111111112,B4,0.7222222222222222,28.746606257409624,synthetic:horizon-v0
1.0,8,8.0,0.8819444444444444,B4,0.7222222222222222,33.004136734274525,synthetic:horizon-v3
0.9444444444444444,8,8.0,0.9166666666666666,B4,0.8888888888888888,27.795282746922837,synthetic:road-v0
1.0,8,8.0,0.9166666666666666,B4,0.8333333333333334,29.92647283151514,synthetic:road-v5
1.0,8,8.0,0.9444444444444444,B4,0.8888888888888888,34.28591777848113,synthetic:targets-v0
1.0,8,8.0,0.9444444444444444,B4,0.8888888888888888,34.24181270582507,synthetic:targets-v7
1.0,8,8.0,0.9236111111111112,B4t,0.7777777777777778,29.846048604440885,synthetic:horizon-v0
1.0,8,8.0,0.9166666666666666,B4t,0.7777777777777778,31.458651491189105,synthetic:horizon-v3
0.9444444444444444,8,8.0,0.9305555555555556,B4t,0.8888888888888888,26.63255588985821,synthetic:road-v0
1.0,8,8.0,0.9583333333333334,B4t,0.8333333333333334,29.350718177529977,synthetic:road-v5
1.0,8,8.0,0.9722222222222222,B4t,0.8888888888888888,33.042116515919844,synthetic:targets-v0
1.0,8,8.0,0.9791666666666666,B4t,0.8888888888888888,32.835970903256644,synthetic:targets-v7
1.0,8,8.0,0.9236111111111112,P,0.7777777777777778,30.48199187659371,synthetic:horizon-v0
1.0,8,8.0,0.8993055555555556,P,0.7222222222222222,29.836026480836647,synthetic:horizon-v3
0.9444444444444444,8,8.0,0.9236111111111112,P,0.8888888888888888,24.422015691446635,synthetic:road-v0
1.0,8,8.0,0.9097222222222222,P,0.7222222222222222,26.17257202679416,synthetic:road-v5
1.0,8,8.0,0.9444444444444444,P,0.8333333333333334,30.897798619062037,synthetic:targets-v0
1.0,8,8.0,0.9409722222222222,P,0.7777777777777778,30.447698017972105,synthetic:targets-v7
1.0,12,8.0,0.9097222222222222,B4,0.7777777777777778,31.26816435787939,synthetic:horizon-v0
0.9444444444444444,12,8.0,0.8402777777777778,B4,0.7222222222222222,31.25971600133238,synthetic:horizon-v3
1.0,12,8.0,0.8333333333333334,B4,0.6666666666666666,25.253657738931764,synthetic:road-v0
1.0,12,8.0,0.8611111111111112,B4,0.7222222222222222,28.61263722127209,synthetic:road-v5
1.0,12,8.0,0.9166666666666666,B4,0.8333333333333334,33.32444722132857,synthetic:targets-v0
1.0,12,8.0,0.9097222222222222,B4,0.7777777777777778,32.880148843387374,synthetic:targets-v7
1.0,12,8.0,0.9444444444444444,B4t,0.8888888888888888,30.868894859013007,synthetic:horizon-v0
0.9444444444444444,12,8.0,0.9305555555555556,B4t,0.8888888888888888,32.12789558378755,synthetic:horizon-v3
1.0,12,8.0,0.9027777777777778,B4t,0.8333333333333334,25.977099621867335,synthetic:road-v0
1.0,12,8.0,0.875,B4t,0.8333333333333334,28.20209170177783,synthetic:road-v5
1.0,12,8.0,0.9583333333333334,B4t,0.9444444444444444,33.08760148626658,synthetic:targets-v0
1.0,12,8.0,0.9722222222222222,B4t,0.9444444444444444,32.89399330958438,synthetic:targets-v7
1.0,12,8.0,0.9270833333333334,P,0.7777777777777778,30.79136060930337,synthetic:horizon-v0
1.0,12,8.0,0.9027777777777778,P,0.7777777777777778,30.60480143532099,synthetic:horizon-v3
1.0,12,8.0,0.9097222222222222,P,0.7222222222222222,23.910563614005255,synthetic:road-v0
1.0,12,8.0,0.8645833333333334,P,0.5555555555555556,26.0601951083698,synthetic:road-v5
1.0,12,8.0,0.9479166666666666,P,0.7777777777777778,31.232582084161166,synthetic:targets-v0
1.0,12,8.0,0.9479166666666666,P,0.7777777777777778,30.477708827690282,synthetic:targets-v7
1.0,16,8.0,0.7430555555555556,B4,0.3888888888888889,25.373951420349048,synthetic:horizon-v0
0.8888888888888888,16,8.0,0.7013888888888888,B4,0.4444444444444444,28.017475157663526,synthetic:horizon-v3
0.9444444444444444,16,8.0,0.7708333333333334,B4,0.5555555555555556,24.2253602776005,synthetic:road-v0
1.0,16,8.0,0.7847222222222222,B4,0.6111111111111112,27.015762603148605,synthetic:road-v5
1.0,16,8.0,0.7430555555555556,B4,0.5,29.346330312014928,synthetic:targets-v0
0.9444444444444444,16,8.0,0.6527777777777778,B4,0.2777777777777778,26.27606378818701,synthetic:targets-v7
1.0,16,8.0,0.8333333333333334,B4t,0.6666666666666666,28.232871516217358,synthetic:horizon-v0
0.9444444444444444,16,8.0,0.8402777777777778,B4t,0.7222222222222222,29.863692280847367,synthetic:horizon-v3
1.0,16,8.0,0.9166666666666666,B4t,0.7777777777777778,26.026346140630434,synthetic:road-v0
1.0,16,8.0,0.9305555555555556,B4t,0.8333333333333334,28.881130819359928,synthetic:road-v5
1.0,16,8.0,0.9305555555555556,B4t,0.8333333333333334,32.35595763541352,synthetic:targets-v0
0.9444444444444444,16,8.0,0.7847222222222222,B4t,0.5555555555555556,28.63905998846819,synthetic:targets-v7
1.0,16,8.0,0.8090277777777778,P,0.3888888888888889,30.186696378409017,synthetic:horizon-v0
1.0,16,8.0,0.8159722222222222,P,0.4444444444444444,28.446526949015404,synthetic:horizon-v3
1.0,16,8.0,0.8645833333333334,P,0.4444444444444444,23.629766639635495,synthetic:road-v0
1.0,16,8.0,0.8645833333333334,P,0.5,25.600886713710857,synthetic:road-v5
1.0,16,8.0,0.8611111111111112,P,0.3888888888888889,30.8709517217213,synthetic:targets-v0
1.0,16,8.0,0.7534722222222222,P,0.3888888888888889,27.3776745019196,synthetic:targets-v7
0.7777777777777778,20,8.0,0.5,B4,0.2222222222222222,18.475989780060914,synthetic:horizon-v0
0.8333333333333334,20,8.0,0.5208333333333334,B4,0.16666666666666666,22.32709102965209,synthetic:horizon-v3
0.6666666666666666,20,8.0,0.3402777777777778,B4,0.05555555555555555,17.107571404943272,synthetic:road-v0
0.8888888888888888,20,8.0,0.6111111111111112,B4,0.3333333333333333,22.909816283992225,synthetic:road-v5
0.8333333333333334,20,8.0,0.6388888888888888,B4,0.4444444444444444,27.804400994146107,synthetic:targets-v0
0.7777777777777778,20,8.0,0.5277777777777778,B4,0.2777777777777778,23.62550236022931,synthetic:targets-v7
1.0,20,8.0,0.8333333333333334,B4t,0.5555555555555556,27.89375847565907,synthetic:horizon-v0
0.8888888888888888,20,8.0,0.7777777777777778,B4t,0.5555555555555556,28.779310235783985,synthetic:horizon-v3
0.8888888888888888,20,8.0,0.6319444444444444,B4t,0.3333333333333333,21.013286700479917,synthetic:road-v0
1.0,20,8.0,0.8402777777777778,B4t,0.6666666666666666,27.333164420358077,synthetic:road-v5
1.0,20,8.0,0.7430555555555556,B4t,0.5,29.19366016938305,synthetic:targets-v0
0.9444444444444444,20,8.0,0.6805555555555556,B4t,0.3888888888888889,26.597908440225297,synthetic:targets-v7
1.0,20,8.0,0.7361111111111112,P,0.3333333333333333,28.443401406218282,synthetic:horizon-v0
1.0,20,8.0,0.6909722222222222,P,0.16666666666666666,27.206580581855874,synthetic:horizon-v3
1.0,20,8.0,0.5972222222222222,P,0.1111111111111111,20.576644060862733,synthetic:road-v0
1.0,20,8.0,0.7777777777777778,P,0.4444444444444444,25.13273711323096,synthetic:road-v5
1.0,20,8.0,0.7395833333333334,P,0.2777777777777778,27.83497906368646,synthetic:targets-v0
1.0,20,8.0,0.7256944444444444,P,0.3333333333333333,26.37862687908353,synthetic:targets-v7
0.7777777777777778,24,8.0,0.5138888888888888,B4,0.2777777777777778,20.39199072310718,synthetic:horizon-v0
0.6666666666666666,24,8.0,0.4027777777777778,B4,0.1111111111111111,19.892268160115425,synthetic:horizon-v3
0.6666666666666666,24,8.0,0.4166666666666667,B4,0.16666666666666666,18.460347599075842,synthetic:road-v0
0.7222222222222222,24,8.0,0.4861111111111111,B4,0.2222222222222222,19.941705916400124,synthetic:road-v5
0.6666666666666666,24,8.0,0.4166666666666667,B4,0.16666666666666666,22.985827270584366,synthetic:targets-v0
0.8333333333333334,24,8.0,0.5555555555555556,B4,0.2777777777777778,24.362386112006394,synthetic:targets-v7
1.0,24,8.0,0.8402777777777778,B4t,0.5555555555555556,28.52630265180456,synthetic:horizon-v0
0.8888888888888888,24,8.0,0.6527777777777778,B4t,0.3888888888888889,25.81287163553034,synthetic:horizon-v3
0.9444444444444444,24,8.0,0.6458333333333334,B4t,0.4444444444444444,21.843701281806855,synthetic:road-v0
1.0,24,8.0,0.8194444444444444,B4t,0.6666666666666666,27.069628735342604,synthetic:road-v5
0.9444444444444444,24,8.0,0.6458333333333334,B4t,0.2222222222222222,26.974273108324585,synthetic:targets-v0
0.9444444444444444,24,8.0,0.8125,B4t,0.6111111111111112,29.566005614518378,synthetic:targets-v7
1.0,24,8.0,0.7465277777777778,P,0.2777777777777778,27.64496290840461,synthetic:horizon-v0
1.0,24,8.0,0.6354166666666666,P,0.1111111111111111,26.639873938886918,synthetic:horizon-v3
1.0,24,8.0,0.6631944444444444,P,0.2222222222222222,20.953094840332806,synthetic:road-v0
1.0,24,8.0,0.6979166666666666,P,0.16666666666666666,25.413726025807478,synthetic:road-v5
1.0,24,8.0,0.59375,P,0.1111111111111111,27.636272462874192,synthetic:targets-v0
1.0,24,8.0,0.7395833333333334,P,0.2777777777777778,29.61943627491916,synthetic:targets-v7
0.6111111111111112,28,8.0,0.3611111111111111,B4,0.1111111111111111,16.419194829547134,synthetic:horizon-v0
0.8888888888888888,28,8.0,0.5277777777777778,B4,0.16666666666666666,20.63363670871976,synthetic:horizon-v3
0.6111111111111112,28,8.0,0.3263888888888889,B4,0.0,16.753814709981906,synthetic:road-v0
0.4444444444444444,28,8.0,0.25,B4,0.05555555555555555,15.442351091952693,synthetic:road-v5
0.3888888888888889,28,8.0,0.25,B4,0.05555555555555555,21.388607386922974,synthetic:targets-v0
0.6666666666666666,28,8.0,0.4236111111111111,B4,0.1111111111111111,22.52253799154566,synthetic:targets-v7
0.8888888888888888,28,8.0,0.6388888888888888,B4t,0.2777777777777778,23.464469135921924,synthetic:horizon-v0
0.8888888888888888,28,8.0,0.6944444444444444,B4t,0.4444444444444444,26.635859759876766,synthetic:horizon-v3
0.8333333333333334,28,8.0,0.6944444444444444,B4t,0.4444444444444444,22.267445775846216,synthetic:road-v0
0.9444444444444444,28,8.0,0.5833333333333334,B4t,0.2222222222222222,22.2896184911135,synthetic:road-v5
0.8333333333333334,28,8.0,0.5972222222222222,B4t,0.2222222222222222,26.606243674822224,synthetic:targets-v0
0.8888888888888888,28,8.0,0.6666666666666666,B4t,0.3333333333333333,26.38230172251854,synthetic:targets-v7
1.0,28,8.0,0.6319444444444444,P,0.0,26.397845563229524,synthetic:horizon-v0
1.0,28,8.0,0.6354166666666666,P,0.05555555555555555,28.691627857664912,synthetic:horizon-v3
1.0,28,8.0,0.6076388888888888,P,0.0,21.58025851507279,synthetic:road-v0
1.0,28,8.0,0.5104166666666666,P,0.05555555555555555,22.47868501258859,synthetic:road-v5
1.0,28,8.0,0.5694444444444444,P,0.16666666666666666,28.4230431042082,synthetic:targets-v0
1.0,28,8.0,0.5659722222222222,P,0.0,26.34855003052,synthetic:targets-v7
0.5,32,8.0,0.19444444444444445,B4,0.0,13.791399528596735,synthetic:horizon-v0
0.3888888888888889,32,8.0,0.18055555555555555,B4,0.0,18.048884733472633,synthetic:horizon-v3
0.4444444444444444,32,8.0,0.2569444444444444,B4,0.05555555555555555,16.669257523913082,synthetic:road-v0
0.5,32,8.0,0.20833333333333334,B4,0.0,14.934268110259678,synthetic:road-v5
0.4444444444444444,32,8.0,0.19444444444444445,B4,0.0,19.943033017099992,synthetic:targets-v0
0.3888888888888889,32,8.0,0.20833333333333334,B4,0.05555555555555555,18.575363576963163,synthetic:targets-v7
0.7777777777777778,32,8.0,0.5833333333333334,B4t,0.3333333333333333,23.88421598490125,synthetic:horizon-v0
0.7777777777777778,32,8.0,0.4652777777777778,B4t,0.1111111111111111,21.595604898654678,synthetic:horizon-v3
0.8333333333333334,32,8.0,0.5277777777777778,B4t,0.2777777777777778,19.63222117405711,synthetic:road-v0
0.7777777777777778,32,8.0,0.5,B4t,0.2777777777777778,20.57465679844091,synthetic:road-v5
0.8333333333333334,32,8.0,0.5347222222222222,B4t,0.1111111111111111,25.567640185258618,synthetic:targets-v0
0.8333333333333334,32,8.0,0.4930555555555556,B4t,0.1111111111111111,22.557416744373896,synthetic:targets-v7
1.0,32,8.0,0.5381944444444444,P,0.0,25.02773105577181,synthetic:horizon-v0
1.0,32,8.0,0.4965277777777778,P,0.0,23.62820758201441,synthetic:horizon-v3
0.9444444444444444,32,8.0,0.5069444444444444,P,0.16666666666666666,20.62738080916191,synthetic:road-v0
1.0,32,8.0,0.5486111111111112,P,0.05555555555555555,24.11897415801955,synthetic:road-v5
1.0,32,8.0,0.53125,P,0.0,27.726427988554832,synthetic:targets-v0
1.0,32,8.0,0.4826388888888889,P,0.0,24.027090887162412,synthetic:targets-v7
0.16666666666666666,40,8.0,0.0625,B4,0.0,14.110002385217888,synthetic:horizon-v0
0.2777777777777778,40,8.0,0.09722222222222222,B4,0.0,15.82528318623843,synthetic:horizon-v3
0.3333333333333333,40,8.0,0.13194444444444445,B4,0.0,15.05299136581289,synthetic:road-v0
0.3333333333333333,40,8.0,0.19444444444444445,B4,0.05555555555555555,14.513863829971159,synthetic:road-v5
0.16666666666666666,40,8.0,0.08333333333333333,B4,0.0,18.693428461967486,synthetic:targets-v0
0.3333333333333333,40,8.0,0.14583333333333334,B4,0.0,17.539317358332305,synthetic:targets-v7
0.5,40,8.0,0.24305555555555555,B4t,0.1111111111111111,17.814246437384757,synthetic:horizon-v0
0.8888888888888888,40,8.0,0.4583333333333333,B4t,0.1111111111111111,21.709558680175007,synthetic:horizon-v3
0.6666666666666666,40,8.0,0.3194444444444444,B4t,0.05555555555555555,16.993514287380307,synthetic:road-v0
0.7777777777777778,40,8.0,0.4236111111111111,B4t,0.1111111111111111,19.310271408586818,synthetic:road-v5
0.6666666666666666,40,8.0,0.3125,B4t,0.05555555555555555,22.51315270200621,synthetic:targets-v0
0.6666666666666666,40,8.0,0.3958333333333333,B4t,0.05555555555555555,21.377331128685228,synthetic:targets-v7
1.0,40,8.0,0.34375,P,0.0,21.684323471804746,synthetic:horizon-v0
1.0,40,8.0,0.3854166666666667,P,0.0,22.850392201677522,synthetic:horizon-v3
1.0,40,8.0,0.4375,P,0.0,19.867253598501087,synthetic:road-v0
1.0,40,8.0,0.40625,P,0.05555555555555555,21.161341288593587,synthetic:road-v5
0.9444444444444444,40,8.0,0.3888888888888889,P,0.0,24.985714766130748,synthetic:targets-v0
0.8888888888888888,40,8.0,0.3958333333333333,P,0.0,23.784365823450756,synthetic:targets-v7
0.2777777777777778,48,8.0,0.11805555555555555,B4,0.0,13.969042676923646,synthetic:horizon-v0
0.2777777777777778,48,8.0,0.1388888888888889,B4,0.0,17.29289984544224,synthetic:horizon-v3
0.2222222222222222,48,8.0,0.09027777777777778,B4,0.0,14.794528170152985,synthetic:road-v0
0.05555555555555555,48,8.0,0.027777777777777776,B4,0.0,11.611480197111813,synthetic:road-v5
0.16666666666666666,48,8.0,0.08333333333333333,B4,0.0,18.83119265678566,synthetic:targets-v0
0.2222222222222222,48,8.0,0.1111111111111111,B4,0.0,16.76717599440005,synthetic:targets-v7
0.5555555555555556,48,8.0,0.2916666666666667,B4t,0.0,17.32958584239254,synthetic:horizon-v0
0.5555555555555556,48,8.0,0.3611111111111111,B4t,0.05555555555555555,21.257095016464387,synthetic:horizon-v3
0.6111111111111112,48,8.0,0.2152777777777778,B4t,0.0,15.172188551022519,synthetic:road-v0
0.4444444444444444,48,8.0,0.1597222222222222,B4t,0.0,14.31422927203226,synthetic:road-v5
0.6111111111111112,48,8.0,0.2013888888888889,B4t,0.05555555555555555,21.021226629254738,synthetic:targets-v0
0.6111111111111112,48,8.0,0.2569444444444444,B4t,0.05555555555555555,19.211223833770298,synthetic:targets-v7
0.9444444444444444,48,8.0,0.3645833333333333,P,0.0,21.13491963660343,synthetic:horizon-v0
0.8888888888888888,48,8.0,0.2986111111111111,P,0.0,19.59445979819851,synthetic:horizon-v3
0.9444444444444444,48,8.0,0.2361111111111111,P,0.0,16.043732486204018,synthetic:road-v0
0.7777777777777778,48,8.0,0.2638888888888889,P,0.0,18.804652414667938,synthetic:road-v5
0.8333333333333334,48,8.0,0.2951388888888889,P,0.0,22.85028295800197,synthetic:targets-v0
0.9444444444444444,48,8.0,0.3263888888888889,P,0.0,22.21749095663449,synthetic:targets-v7
0.05555555555555555,64,8.0,0.027777777777777776,B4,0.0,14.310969826426934,synthetic:horizon-v0
0.05555555555555555,64,8.0,0.027777777777777776,B4,0.0,15.49523935417005,synthetic:horizon-v3
0.1111111111111111,64,8.0,0.05555555555555555,B4,0.0,14.582940506858831,synthetic:road-v0
0.05555555555555555,64,8.0,0.027777777777777776,B4,0.0,11.554483953501379,synthetic:road-v5
0.16666666666666666,64,8.0,0.08333333333333333,B4,0.0,18.69436243617527,synthetic:targets-v0
0.1111111111111111,64,8.0,0.05555555555555555,B4,0.0,16.12284588426883,synthetic:targets-v7
0.2777777777777778,64,8.0,0.09027777777777778,B4t,0.0,14.834049899190603,synthetic:horizon-v0
0.3888888888888889,64,8.0,0.19444444444444445,B4t,0.0,18.741804556217378,synthetic:horizon-v3
0.4444444444444444,64,8.0,0.19444444444444445,B4t,0.0,15.37683325902674,synthetic:road-v0
0.2777777777777778,64,8.0,0.09722222222222222,B4t,0.0,13.328495394262013,synthetic:road-v5
0.4444444444444444,64,8.0,0.1388888888888889,B4t,0.0,20.274212987473238,synthetic:targets-v0
0.3333333333333333,64,8.0,0.1388888888888889,B4t,0.0,17.529349421088288,synthetic:targets-v7
0.6666666666666666,64,8.0,0.1701388888888889,P,0.0,19.596752126180107,synthetic:horizon-v0
0.7777777777777778,64,8.0,0.2013888888888889,P,0.0,17.880676391173132,synthetic:horizon-v3
0.6666666666666666,64,8.0,0.16319444444444445,P,0.0,15.027272509151885,synthetic:road-v0
0.7222222222222222,64,8.0,0.1875,P,0.0,17.14879550587851,synthetic:road-v5
0.6666666666666666,64,8.0,0.21180555555555555,P,0.0,22.12693769243649,synthetic:targets-v0
0.7222222222222222,64,8.0,0.1736111111111111,P,0.0,20.018039832056417,synthetic:targets-v7
