availability,coverage,label,order,psnr_displayed,psnr_full,scene,step
0.8333333333333334,0.6927083333333334,B4 (база),fwd,30.08280991934751,28.57969841081031,natural:105627169,0
0.9166666666666666,0.7291666666666666,B4 (база),fwd,24.44540072847052,23.539916424560428,natural:106651461,0
0.875,0.6979166666666666,B4 (база),fwd,22.367980088635207,21.572829563822378,natural:108911529,0
0.875,0.6302083333333334,B4 (база),fwd,22.827877279298054,22.31341549404056,natural:116466520,0
0.9166666666666666,0.6145833333333334,B4 (база),fwd,18.99665481986753,18.55413285553749,natural:123079448,0
0.875,0.7135416666666666,B4 (база),fwd,21.83258320126509,21.06105628563176,natural:144041236,0
0.9583333333333334,0.640625,B4 (база),fwd,19.3393894818068,19.261695861196884,natural:74983792,0
1.0,0.8072916666666666,B4 (база),fwd,20.961703180300777,20.961703180300777,natural:81047795,0
0.875,0.7291666666666666,B4 (база),fwd,22.39366311918596,20.983795864389073,natural:97165575,0
0.875,0.6145833333333334,B4 (база),fwd,17.903402357386806,17.910267880808615,natural:98913003,0
0.8333333333333334,0.6354166666666666,B4 (база),fwd,21.152688059704662,20.845013347867006,natural:99599833,0
0.8333333333333334,0.734375,+ менша одиниця 640→320 Б,fwd,31.677286595151855,29.497861382090623,natural:105627169,1
0.9583333333333334,0.7578125,+ менша одиниця 640→320 Б,fwd,24.14952000961996,23.658853518650215,natural:106651461,1
1.0,0.703125,+ менша одиниця 640→320 Б,fwd,20.50265805541196,20.50265805541196,natural:108911529,1
0.875,0.625,+ менша одиниця 640→320 Б,fwd,22.851300184368725,22.336838399111226,natural:116466520,1
0.9583333333333334,0.6675211588541666,+ менша одиниця 640→320 Б,fwd,20.172297398869365,19.866775920690742,natural:123079448,1
0.9583333333333334,0.7734375,+ менша одиниця 640→320 Б,fwd,21.799491780410175,21.416468320184133,natural:144041236,1
1.0,0.6796875,+ менша одиниця 640→320 Б,fwd,19.441660915767148,19.441660915767148,natural:74983792,1
0.25,0.2109375,+ менша одиниця 640→320 Б,fwd,15.87124480282499,20.57313958143193,natural:81047795,1
1.0,0.7248128255208334,+ менша одиниця 640→320 Б,fwd,20.587077891319378,20.587077891319378,natural:97165575,1
1.0,0.6953125,+ менша одиниця 640→320 Б,fwd,18.374654655018478,18.374654655018478,natural:98913003,1
0.8333333333333334,0.640625,+ менша одиниця 640→320 Б,fwd,21.22948880352295,20.865689168204867,natural:99599833,1
1.0,0.9166666666666666,+ сильніший FEC nsym 96→128,fwd,33.64478333167505,33.64478333167505,natural:105627169,2
1.0,0.9348958333333334,+ сильніший FEC nsym 96→128,fwd,26.997550762036273,26.997550762036273,natural:106651461,2
1.0,0.8723958333333334,+ сильніший FEC nsym 96→128,fwd,24.523654064576977,24.523654064576977,natural:108911529,2
0.9583333333333334,0.8072916666666666,+ сильніший FEC nsym 96→128,fwd,26.344679512830893,25.830217727573398,natural:116466520,2
1.0,0.8767293294270834,+ сильніший FEC nsym 96→128,fwd,23.241343839321605,23.241343839321605,natural:123079448,2
1.0,0.9010416666666666,+ сильніший FEC nsym 96→128,fwd,23.50653342734604,23.50653342734604,natural:144041236,2
1.0,0.8585205078125,+ сильніший FEC nsym 96→128,fwd,22.395085175209093,22.395085175209093,natural:74983792,2
0.25,0.23697916666666666,+ сильніший FEC nsym 96→128,fwd,16.483863768706765,22.656293999251847,natural:81047795,2
1.0,0.8828125,+ сильніший FEC nsym 96→128,fwd,23.338376593710823,23.338376593710823,natural:97165575,2
1.0,0.8072916666666666,+ сильніший FEC nsym 96→128,fwd,20.589167444093167,20.589167444093167,natural:98913003,2
0.9583333333333334,0.8020833333333334,+ сильніший FEC nsym 96→128,fwd,23.496281502092412,23.32372695993817,natural:99599833,2
1.0,0.9114583333333334,+ нижча якість 12→8,fwd,32.072764193738,32.072764193738,natural:105627169,3
1.0,0.9322916666666666,+ нижча якість 12→8,fwd,26.494366871391538,26.494366871391538,natural:106651461,3
1.0,0.8645833333333334,+ нижча якість 12→8,fwd,23.37616290534976,23.37616290534976,natural:108911529,3
0.9583333333333334,0.8125,+ нижча якість 12→8,fwd,25.59313607305798,25.085852896386708,natural:116466520,3
1.0,0.8515625,+ нижча якість 12→8,fwd,21.950020130608902,21.950020130608902,natural:123079448,3
1.0,0.8958333333333334,+ нижча якість 12→8,fwd,22.736772943449296,22.736772943449296,natural:144041236,3
1.0,0.8619791666666666,+ нижча якість 12→8,fwd,22.281459728532393,22.281459728532393,natural:74983792,3
1.0,0.890625,+ нижча якість 12→8,fwd,21.118867369888697,21.118867369888697,natural:81047795,3
1.0,0.9036458333333334,+ нижча якість 12→8,fwd,23.18073321641422,23.18073321641422,natural:97165575,3
1.0,0.7838541666666666,+ нижча якість 12→8,fwd,19.705990771556966,19.705990771556966,natural:98913003,3
0.9583333333333334,0.8020833333333334,+ нижча якість 12→8,fwd,22.8893089276739,22.649997293141098,natural:99599833,3
1.0,0.9088541666666666,+ два описи (MDC),fwd,32.95617080860721,32.95617080860721,natural:105627169,4
1.0,0.90625,+ два описи (MDC),fwd,25.72960243803027,25.72960243803027,natural:106651461,4
1.0,0.859375,+ два описи (MDC),fwd,22.875995807703813,22.875995807703813,natural:108911529,4
1.0,0.8255208333333334,+ два описи (MDC),fwd,26.071859182514903,26.071859182514903,natural:116466520,4
1.0,0.8776041666666666,+ два описи (MDC),fwd,22.147727770859632,22.147727770859632,natural:123079448,4
1.0,0.9036458333333334,+ два описи (MDC),fwd,22.003355884416262,22.003355884416262,natural:144041236,4
1.0,0.8619791666666666,+ два описи (MDC),fwd,21.24553496189186,21.24553496189186,natural:74983792,4
1.0,0.890625,+ два описи (MDC),fwd,20.20711442533911,20.20711442533911,natural:81047795,4
1.0,0.8802083333333334,+ два описи (MDC),fwd,22.33348669875437,22.33348669875437,natural:97165575,4
1.0,0.8098958333333334,+ два описи (MDC),fwd,19.45841224926853,19.45841224926853,natural:98913003,4
1.0,0.8072916666666666,+ два описи (MDC),fwd,21.933946597237448,21.933946597237448,natural:99599833,4
1.0,0.8385416666666666,+ BAWP = P,fwd,33.34567949827906,33.34567949827906,natural:105627169,5
1.0,0.8411458333333334,+ BAWP = P,fwd,25.728950758637893,25.728950758637893,natural:106651461,5
1.0,0.8125,+ BAWP = P,fwd,23.22498689972336,23.22498689972336,natural:108911529,5
1.0,0.7630208333333334,+ BAWP = P,fwd,26.71864674013288,26.71864674013288,natural:116466520,5
1.0,0.8098958333333334,+ BAWP = P,fwd,22.221531718175395,22.221531718175395,natural:123079448,5
1.0,0.8645833333333334,+ BAWP = P,fwd,22.035035077882565,22.035035077882565,natural:144041236,5
1.0,0.8203125,+ BAWP = P,fwd,21.36836761110169,21.36836761110169,natural:74983792,5
1.0,0.7994791666666666,+ BAWP = P,fwd,20.325987807717045,20.325987807717045,natural:81047795,5
1.0,0.8359375,+ BAWP = P,fwd,22.625860432163552,22.625860432163552,natural:97165575,5
1.0,0.7682291666666666,+ BAWP = P,fwd,20.089862518985928,20.089862518985928,natural:98913003,5
1.0,0.7552083333333334,+ BAWP = P,fwd,22.74509415605858,22.74509415605858,natural:99599833,5
0.8333333333333334,0.6927083333333334,B4 (база),rev,30.08280991934751,28.57969841081031,natural:105627169,0
0.9166666666666666,0.7291666666666666,B4 (база),rev,24.44540072847052,23.539916424560428,natural:106651461,0
0.875,0.6979166666666666,B4 (база),rev,22.367980088635207,21.572829563822378,natural:108911529,0
0.875,0.6302083333333334,B4 (база),rev,22.827877279298054,22.31341549404056,natural:116466520,0
0.9166666666666666,0.6145833333333334,B4 (база),rev,18.99665481986753,18.55413285553749,natural:123079448,0
0.875,0.7135416666666666,B4 (база),rev,21.83258320126509,21.06105628563176,natural:144041236,0
0.9583333333333334,0.640625,B4 (база),rev,19.3393894818068,19.261695861196884,natural:74983792,0
1.0,0.8072916666666666,B4 (база),rev,20.961703180300777,20.961703180300777,natural:81047795,0
0.875,0.7291666666666666,B4 (база),rev,22.393663119185955,20.983795864389073,natural:97165575,0
0.875,0.6145833333333334,B4 (база),rev,17.903402357386806,17.910267880808615,natural:98913003,0
0.8333333333333334,0.6354166666666666,B4 (база),rev,21.152688059704662,20.845013347867006,natural:99599833,0
1.0,0.6770833333333334,+ менша одиниця 640→320 Б,rev,32.29772434848018,32.29772434848018,natural:105627169,3
1.0,0.7317708333333334,+ менша одиниця 640→320 Б,rev,26.095337727904834,26.095337727904834,natural:106651461,3
1.0,0.6614583333333334,+ менша одиниця 640→320 Б,rev,23.06464264842594,23.06464264842594,natural:108911529,3
1.0,0.625,+ менша одиниця 640→320 Б,rev,26.510130501190503,26.510130501190503,natural:116466520,3
0.5,0.2942708333333333,+ менша одиниця 640→320 Б,rev,19.09564541466385,20.656843523189306,natural:123079448,3
0.9583333333333334,0.65625,+ менша одиниця 640→320 Б,rev,22.487515480253126,22.083582992641443,natural:144041236,3
1.0,0.6302083333333334,+ менша одиниця 640→320 Б,rev,20.425208730108675,20.425208730108675,natural:74983792,3
0.125,0.08333333333333333,+ менша одиниця 640→320 Б,rev,14.230806303801465,18.62269419330605,natural:81047795,3
1.0,0.6393229166666666,+ менша одиниця 640→320 Б,rev,21.431028735264295,21.431028735264295,natural:97165575,3
1.0,0.5768229166666666,+ менша одиниця 640→320 Б,rev,19.547778368144392,19.547778368144392,natural:98913003,3
0.9583333333333334,0.5885416666666666,+ менша одиниця 640→320 Б,rev,21.366873255631393,21.153642713197858,natural:99599833,3
1.0,0.8385416666666666,+ сильніший FEC nsym 96→128,rev,34.90930324805456,34.90930324805456,natural:105627169,4
1.0,0.8411458333333334,+ сильніший FEC nsym 96→128,rev,26.577195002389136,26.577195002389136,natural:106651461,4
1.0,0.8151041666666666,+ сильніший FEC nsym 96→128,rev,24.053566922766468,24.053566922766468,natural:108911529,4
1.0,0.7526041666666666,+ сильніший FEC nsym 96→128,rev,27.55665623559159,27.55665623559159,natural:116466520,4
0.5,0.38671875,+ сильніший FEC nsym 96→128,rev,20.2693633973326,22.0019617436101,natural:123079448,4
1.0,0.8606770833333334,+ сильніший FEC nsym 96→128,rev,22.804766052857897,22.804766052857897,natural:144041236,4
1.0,0.8203125,+ сильніший FEC nsym 96→128,rev,21.934771331553858,21.934771331553858,natural:74983792,4
0.125,0.10546875,+ сильніший FEC nsym 96→128,rev,15.132803712318085,21.8683426735311,natural:81047795,4
1.0,0.8515625,+ сильніший FEC nsym 96→128,rev,23.366231657025498,23.366231657025498,natural:97165575,4
1.0,0.7682291666666666,+ сильніший FEC nsym 96→128,rev,20.708471816129073,20.708471816129073,natural:98913003,4
1.0,0.7552083333333334,+ сильніший FEC nsym 96→128,rev,23.384467899470383,23.384467899470383,natural:99599833,4
1.0,0.8385416666666666,+ нижча якість 12→8 = P,rev,33.34567949827906,33.34567949827906,natural:105627169,5
1.0,0.8411458333333334,+ нижча якість 12→8 = P,rev,25.728950758637893,25.728950758637893,natural:106651461,5
1.0,0.8125,+ нижча якість 12→8 = P,rev,23.22498689972336,23.22498689972336,natural:108911529,5
1.0,0.7630208333333334,+ нижча якість 12→8 = P,rev,26.71864674013288,26.71864674013288,natural:116466520,5
1.0,0.8098958333333334,+ нижча якість 12→8 = P,rev,22.221531718175395,22.221531718175395,natural:123079448,5
1.0,0.8645833333333334,+ нижча якість 12→8 = P,rev,22.035035077882565,22.035035077882565,natural:144041236,5
1.0,0.8203125,+ нижча якість 12→8 = P,rev,21.36836761110169,21.36836761110169,natural:74983792,5
1.0,0.7994791666666666,+ нижча якість 12→8 = P,rev,20.325987807717045,20.325987807717045,natural:81047795,5
1.0,0.8359375,+ нижча якість 12→8 = P,rev,22.625860432163552,22.625860432163552,natural:97165575,5
1.0,0.7682291666666666,+ нижча якість 12→8 = P,rev,20.089862518985928,20.089862518985928,natural:98913003,5
1.0,0.7552083333333334,+ нижча якість 12→8 = P,rev,22.74509415605858,22.74509415605858,natural:99599833,5
