category,clip_id,content_sha256,crop,derivation,first_frame_dhash,fps,height,license,n_frames,notes,parent_scene_id,provenance,source_credit,source_id,source_kind,source_license,source_sha256,split,t_end_s,t_start_s,width
low-detail,nat_049791232,ca05d7f3e027237607b12a7cbc2de9d7685dd818a545528064740d97d28e261f,"547,947,1984,1754",послідовність зі штучним рухом вікна по природному зображенні: вирізка панорамується між двома прямокутниками і усереднюється до 256x192,c5c1c1c2c2c48898,8.333,192,CC BY-SA 4.0,16,"window-motion sequence over a natural aerial photograph (DJI Phantom 4, CC BY-SA 4.0, Wanjak Atikomchakorn)",natural:49791232,local_file,Wanjak Atikomchakorn,commons:49791232,data\real\natural\049791232_1062_mu_koh_lanta_national_park_04.jpg,CC BY-SA 4.0,b6a8ba1749b87612ab65973f5c435bb80591a1f8853de7d0c5b2593970af38ab,calibration,1.9201,0.0,256
low-detail,nat_051432999,2dfef11b962580e9d31ff8a601387ade1d8ee4dc3b354a92afc2537154204a5a,"1361,1702,2798,2779",послідовність зі штучним рухом вікна по природному зображенні: вирізка панорамується між двома прямокутниками і усереднюється до 256x192,6b63f37373fb1818,8.333,192,CC BY-SA 4.0,16,"window-motion sequence over a natural aerial photograph (DJI Phantom 4, CC BY-SA 4.0, Max Bond)",natural:51432999,local_file,Max Bond,commons:51432999,data\real\natural\051432999_149dji_0001.jpg,CC BY-SA 4.0,23962cd7f57113f818ff10e9120765062619c2c13b2ede054edad4a46414339b,calibration,1.9201,0.0,256
low-detail,nat_055431116,6cfd67adbd95832c81c205c91e027570011ce3360cf6c74754d05bf7feaa5128,"187,1202,1624,2011",послідовність зі штучним рухом вікна по природному зображенні: вирізка панорамується між двома прямокутниками і усереднюється до 256x192,e9edf6f4f8f8fcfd,8.333,192,CC BY-SA 4.0,16,"window-motion sequence over a natural aerial photograph (DJI Phantom 4 Pro, CC BY-SA 4.0, Chensiyuan)",natural:55431116,local_file,Chensiyuan,commons:55431116,data\real\natural\055431116_1_pano_xinping_yangshupo_cropped.jpg,CC BY-SA 4.0,8e64cabb883db096120edaccc5a24b2b80dc0e7212bcbbd6fd60eae5a633d49e,calibration,1.9201,0.0,256
low-detail,nat_061831815,942b98b58e2488aacf574e0eba5395a1e29f0479b0ceb21f59aba5e572783f61,"1710,297,3147,1104",послідовність зі штучним рухом вікна по природному зображенні: вирізка панорамується між двома прямокутниками і усереднюється до 256x192,c216b997e5d0d63e,8.333,192,CC BY-SA 4.0,16,"window-motion sequence over a natural aerial photograph (DJI Mavic Pro, CC BY-SA 4.0, Lilo01260)",natural:61831815,local_file,Lilo01260,commons:61831815,data\real\natural\061831815_2017_07_11_ruffieu.jpg,CC BY-SA 4.0,3290c71cb9dd36c800fdf1f964e99b9d3b7587330e3dba9ed01911dfe7e7842a,calibration,1.9201,0.0,256
low-detail,nat_062082479,48a2a1776c2147bf1fe839f809c2391e03068ca27c90efcc76d62af40aca5f99,"648,1266,2085,2343",послідовність зі штучним рухом вікна по природному зображенні: вирізка панорамується між двома прямокутниками і усереднюється до 256x192,e1f2e3e9fada1f0e,8.333,192,CC0,16,"window-motion sequence over a natural aerial photograph (DJI Phantom 4 Pro, CC0, Mifxal Latheef droneworxmv)",natural:62082479,local_file,Mifxal Latheef droneworxmv,commons:62082479,data\real\natural\062082479_99_water_and_1_land_unsplash.jpg,CC0,f50a220794a47b705ab7778814595f6f254484eedc6e632ae0134e4c19724558,calibration,1.9201,0.0,256
low-detail,nat_062215126,3a63d737e2b880355e9876a0e76cb4a5145d9502b1976581298f7827a4e214c1,"2082,1097,4126,2245",послідовність зі штучним рухом вікна по природному зображенні: вирізка панорамується між двома прямокутниками і усереднюється до 256x192,e93a7858783a30f0,8.333,192,CC0,16,"window-motion sequence over a natural aerial photograph (DJI Phantom 4 Pro, CC0, Sweet Ice Cream Photography sweeticecreamphotography)",natural:62215126,local_file,Sweet Ice Cream Photography sweeticecreamphotography,commons:62215126,data\real\natural\062215126_aerial_composition_unsplash.jpg,CC0,81c22c19818a52d1221af2799c0f6e288c9a16f6185e90dec23e4d6d9e45a795,validation,1.9201,0.0,256
low-detail,nat_063313480,71960677b1f8644338ad5df33b1d2a92fa5b45a834f2666a5710963c2e8c19ec,"1732,1278,3169,2355",послідовність зі штучним рухом вікна по природному зображенні: вирізка панорамується між двома прямокутниками і усереднюється до 256x192,4e525b50c8d8b8d9,8.333,192,CC BY-SA 4.0,16,"window-motion sequence over a natural aerial photograph (DJI Mavic Pro, CC BY-SA 4.0, Alimdaihli)",natural:63313480,local_file,Alimdaihli,commons:63313480,data\real\natural\063313480_2017_06_ali_00977.jpg,CC BY-SA 4.0,2b0ee41becf97cbcabe3b5dff27890dc09270930f64c3df24cb44f76b6693635,validation,1.9201,0.0,256
low-detail,nat_064724797,df11d7714645906359977544d447f6435b340407a4fbe290347cc5dd75692f34,"654,38,2091,1115",послідовність зі штучним рухом вікна по природному зображенні: вирізка панорамується між двома прямокутниками і усереднюється до 256x192,ce96beb9388a9b5f,8.333,192,CC BY-SA 4.0,16,"window-motion sequence over a natural aerial photograph (DJI Mavic Pro, CC BY-SA 4.0, Legolas1024)",natural:64724797,local_file,Legolas1024,commons:64724797,data\real\natural\064724797_1933.jpg,CC BY-SA 4.0,4cf578059a6aed299c99237ca3088c9ab50f6647dafadbee804e0244efd55b6e,validation,1.9201,0.0,256
low-detail,nat_073211073,9f6dbc82f840c410f973eb8249277537d69f3e97c62bc1c2ecf45a54385e0967,"1606,966,3043,1773",послідовність зі штучним рухом вікна по природному зображенні: вирізка панорамується між двома прямокутниками і усереднюється до 256x192,a9fab5988c8e6446,8.333,192,CC BY-SA 4.0,16,"window-motion sequence over a natural aerial photograph (DJI Phantom 4 Pro V2.0, CC BY-SA 4.0, Balazs Mocsar)",natural:73211073,local_file,Balazs Mocsar,commons:73211073,data\real\natural\073211073_broadwood_s_tower.jpg,CC BY-SA 4.0,b065c69f5efcf537d82c109b198b7b7648cd909ce148e3aafc4b632e0ff51a4f,validation,1.9201,0.0,256
low-detail,nat_074267785,f1f3e6dcc7e0db59b8d7bdca06180af795257c0186111df526fb8b33c394e245,"2057,254,3494,1211",послідовність зі штучним рухом вікна по природному зображенні: вирізка панорамується між двома прямокутниками і усереднюється до 256x192,bab03e11313127a1,8.333,192,CC BY-SA 4.0,16,"window-motion sequence over a natural aerial photograph (DJI Phantom 4 Pro V2.0, CC BY-SA 4.0, Mnsesq)",natural:74267785,local_file,Mnsesq,commons:74267785,data\real\natural\074267785_country_pond.jpg,CC BY-SA 4.0,2f0db3dd3c7a3a2f12c7d8a651700973712f8e7c026f380f8db303a04b8dba6d,validation,1.9201,0.0,256
low-detail,nat_074983792,687c1bd33174f99d40446435a85256d5a4f410297bf9506964222eb061c3dec7,"260,1245,1697,2052",послідовність зі штучним рухом вікна по природному зображенні: вирізка панорамується між двома прямокутниками і усереднюється до 256x192,ec9e67efdfbd59f9,8.333,192,CC BY-SA 4.0,16,"window-motion sequence over a natural aerial photograph (DJI Phantom 4 Pro V2.0, CC BY-SA 4.0, Chemsty)",natural:74983792,local_file,Chemsty,commons:74983792,data\real\natural\074983792_idongandnamhae.jpg,CC BY-SA 4.0,ebd6dd3ff5bf23bdc6f3a26d32c74ad4d6d9e7b8e2e183a2483c50cda6809539,test,1.9201,0.0,256
low-detail,nat_081047795,9c58d80dc629914fbe5b8019e71e6944ce511c19d1e49ce6c0f1659de2fd052e,"1680,926,3117,1835",послідовність зі штучним рухом вікна по природному зображенні: вирізка панорамується між двома прямокутниками і усереднюється до 256x192,cc8cc8cc6c745048,8.333,192,CC BY-SA 4.0,16,"window-motion sequence over a natural aerial photograph (DJI Zenmuse X5S (Inspire 2), CC BY-SA 4.0, Chiranjit.das.official)",natural:81047795,local_file,Chiranjit.das.official,commons:81047795,data\real\natural\081047795_itc_royal_bengalz.jpg,CC BY-SA 4.0,434e479f812fe684f6ee145a21111d3489ea04b08e8372bf443d1c222355cff0,test,1.9201,0.0,256
low-detail,nat_097165575,1a4094b54284e94f3684cb3ad1feca102208da03681a2b01a37853fe0024ceaa,"404,1857,1841,2878",послідовність зі штучним рухом вікна по природному зображенні: вирізка панорамується між двома прямокутниками і усереднюється до 256x192,776c58756363e36d,8.333,192,CC BY-SA 4.0,16,"window-motion sequence over a natural aerial photograph (DJI Mavic Air, CC BY-SA 4.0, Giles Laurent)",natural:97165575,local_file,Giles Laurent,commons:97165575,data\real\natural\097165575_15_bern_photo_by_giles_laurent.jpg,CC BY-SA 4.0,c79620fc3cc71a84ed64049cf09d09e6da9e67571b6056c992afacca7c695490,test,1.9201,0.0,256
low-detail,nat_098913003,a59992d88b2ace18128fa81ba6ffc0f19eb7ba28d1d2195f9238ffac6291105a,"631,846,2068,1653",послідовність зі штучним рухом вікна по природному зображенні: вирізка панорамується між двома прямокутниками і усереднюється до 256x192,d989f8b82c0b4f1a,8.333,192,CC BY-SA 4.0,16,"window-motion sequence over a natural aerial photograph (DJI Mini 2, CC BY-SA 4.0, Thomas Berwing)",natural:98913003,local_file,Thomas Berwing,commons:98913003,data\real\natural\098913003_2021_01_15_sankt_fides_soelden.jpg,CC BY-SA 4.0,bd420c265c7f9541970241e36ee6c88aeaf8983dfc641efc9cbdb65657b1f6dd,test,1.9201,0.0,256
low-detail,nat_099599833,5a7eee8c71fd8457b39f0dbef8f77dc776bce318d6494a9b0645b4ea722f0486,"1281,183,2718,1140",послідовність зі штучним рухом вікна по природному зображенні: вирізка панорамується між двома прямокутниками і усереднюється до 256x192,034201047561f171,8.333,192,CC BY-SA 4.0,16,"window-motion sequence over a natural aerial photograph (DJI Zenmuse X5S (Inspire 2), CC BY-SA 4.0, Kywam)",natural:99599833,local_file,Kywam,commons:99599833,data\real\natural\099599833_chateau_de_la_barolliere_dji_0001.jpg,CC BY-SA 4.0,07f45bf7a471419bf0ce2ad9c44fbb0a6ea615a45f2921642bdd890520313a43,test,1.9201,0.0,256
low-detail,nat_105627169,48808486030d86d26ad811df40509a68e77f10dba6c751c9c46a36dc4e95e77b,"130,0,1567,1070",послідовність зі штучним рухом вікна по природному зображенні: вирізка панорамується між двома прямокутниками і усереднюється до 256x192,400101010101640d,8.333,192,CC BY-SA 4.0,16,"window-motion sequence over a natural aerial photograph (DJI Zenmuse X5S (Inspire 2), CC BY-SA 4.0, Sharkyaloha2017)",natural:105627169,local_file,Sharkyaloha2017,commons:105627169,data\real\natural\105627169_01_front.jpg,CC BY-SA 4.0,eddbd58653384a9f439eb47e1f31e2cd67e259af8dd5da84c303b04a9adb544c,test,1.9201,0.0,256
low-detail,nat_106651461,1d19d1edba9feb1a52bf348e7299d759383824d4c758417d55045749cf110f36,"1281,628,2718,1435",послідовність зі штучним рухом вікна по природному зображенні: вирізка панорамується між двома прямокутниками і усереднюється до 256x192,9dcd5d2d8313b321,8.333,192,CC BY-SA 4.0,16,"window-motion sequence over a natural aerial photograph (DJI Mini 2, CC BY-SA 4.0, Luis Fermín TURIEL PEREDO)",natural:106651461,local_file,Luis Fermín TURIEL PEREDO,commons:106651461,data\real\natural\106651461_02fuentelavadero_guarnizo.jpg,CC BY-SA 4.0,93df8a2fa1defb1dadb32bc931671ceb5fae0bad4ca3e97ff7e7b39a1e8bfb10,test,1.9201,0.0,256
low-detail,nat_108911529,a0397d7cd43cc939ac32b29f2b9cfa8c44991d5c913600ecf69ab048ad2a5baa,"1320,317,2711,1074",послідовність зі штучним рухом вікна по природному зображенні: вирізка панорамується між двома прямокутниками і усереднюється до 256x192,24e060b60d80e0f0,8.333,192,CC BY-SA 2.0,16,"window-motion sequence over a natural aerial photograph (DJI Mini 2, CC BY-SA 2.0, Kirt Edblom from Kihei, Hi, United States)",natural:108911529,local_file,"Kirt Edblom from Kihei, Hi, United States",commons:108911529,data\real\natural\108911529_big_beach_387_explore_08_17_2021_flickr_kirt_edblom.jpg,CC BY-SA 2.0,b324d4f7e39a04360d0213b85c9ac09c625aafba8adc7dc0072d6f39160a7a04,test,1.9201,0.0,256
low-detail,nat_116466520,699b6f23d90e451f4476cc734b9634a68d5c619c724ecca30b0bcddb202a23f4,"2135,307,3572,1384",послідовність зі штучним рухом вікна по природному зображенні: вирізка панорамується між двома прямокутниками і усереднюється до 256x192,00000008ca0a08e6,8.333,192,CC BY-SA 4.0,16,"window-motion sequence over a natural aerial photograph (DJI Mavic Air 2, CC BY-SA 4.0, MasaneMiyaPA)",natural:116466520,local_file,MasaneMiyaPA,commons:116466520,data\real\natural\116466520_20220327.jpg,CC BY-SA 4.0,9709c101aa194d3eb2bb38d7bbd15a9b0b64c62e235cd3ea04abc4e9bb64e30b,test,1.9201,0.0,256
low-detail,nat_122435702,38a92a80080b9aa99e8276db981a6e545a74667e9e4a53d1c7227b098028f5c9,"2118,376,3555,1183",послідовність зі штучним рухом вікна по природному зображенні: вирізка панорамується між двома прямокутниками і усереднюється до 256x192,8e18a3af89d9c91c,8.333,192,CC BY-SA 4.0,16,"window-motion sequence over a natural aerial photograph (DJI Mavic Air 2, CC BY-SA 4.0, InvadingInvader)",natural:122435702,local_file,InvadingInvader,commons:122435702,data\real\natural\122435702_2022_daly_city_bart.jpg,CC BY-SA 4.0,1c502306864d7b85186afdfc5efa36ce9e93657281cc5658b44ee0537fe322a4,test,1.9201,0.0,256
low-detail,nat_123079448,bf961d34452b247889279424299361126860e4579614b8c7c93f857b116d0b0d,"885,931,2322,2008",послідовність зі штучним рухом вікна по природному зображенні: вирізка панорамується між двома прямокутниками і усереднюється до 256x192,cab3b2654d362216,8.333,192,CC BY-SA 4.0,16,"window-motion sequence over a natural aerial photograph (DJI Mavic Air 2, CC BY-SA 4.0, Aboubacarkhoraa)",natural:123079448,local_file,Aboubacarkhoraa,commons:123079448,data\real\natural\123079448_h_pital_donka_vue_a_rien_en_2022_02.jpg,CC BY-SA 4.0,03960dd67408544878d455fec65a5358eee6277f04902961b36f82a861774dbf,test,1.9201,0.0,256
low-detail,nat_123689542,66da1a437c030ee508a122dfbb77ffe19b8ce3dc19627ba6cec5453eedf332b2,"366,1076,1803,1883",послідовність зі штучним рухом вікна по природному зображенні: вирізка панорамується між двома прямокутниками і усереднюється до 256x192,11dee797b5b1a39d,8.333,192,CC BY-SA 4.0,16,"window-motion sequence over a natural aerial photograph (DJI Mini 3 Pro, CC BY-SA 4.0, Llywelyn2000)",natural:123689542,local_file,Llywelyn2000,commons:123689542,data\real\natural\123689542_5ed_gorymdaith_yescymru_the_5th_yescymru_and_auob_march_in_c.jpg,CC BY-SA 4.0,155688b71ca50fd6a3056667c4f29c9b975e7e166dc6b58ab6b7e5a17d5ecb3d,test,1.9201,0.0,256
low-detail,nat_132645039,2914946b8ae4c6c34022d96b3d9b34d27ba0a861f20d010657e9e5b66b9f8132,"1619,1577,3056,2534",послідовність зі штучним рухом вікна по природному зображенні: вирізка панорамується між двома прямокутниками і усереднюється до 256x192,6898d1b5bda9e6e6,8.333,192,CC0,16,"window-motion sequence over a natural aerial photograph (DJI Mini 3 Pro, CC0, FriendlyToaster)",natural:132645039,local_file,FriendlyToaster,commons:132645039,data\real\natural\132645039_48_20230521mcloughlinhsaerial.jpg,CC0,eb1677119470a06543383bcdfe577cca012ed8743e1a059d24d857dbd2e9e63e,test,1.9201,0.0,256
low-detail,nat_144041236,e78b6a9ee90899e4deaf9a784a867d34e2b2bdd9ceb5175061641d249fdd3486,"1930,1645,3367,2722",послідовність зі штучним рухом вікна по природному зображенні: вирізка панорамується між двома прямокутниками і усереднюється до 256x192,d67c727b6d907038,8.333,192,CC BY-SA 4.0,16,"window-motion sequence over a natural aerial photograph (DJI Mini 3 Pro, CC BY-SA 4.0, Ladislaus Hoffner)",natural:144041236,local_file,Ladislaus Hoffner,commons:144041236,data\real\natural\144041236_2023_09_09_itertal_dji_45.jpg,CC BY-SA 4.0,05342627abc1f4474b1f7ee30457085cdd17915ed140328e6684fc7f2b18338e,test,1.9201,0.0,256
